id,season,date,home_team_id,away_team_id,home_score,away_score,home_win,home_avg_pts,away_avg_pts_allowed,home_win_pct,home_rest_days
180,2024,2025-01-25,1,28,94,117,True,121.1,113.0,0.625,2.0
459,2024,2025-03-08,1,12,120,118,True,116.9,117.33333333333333,0.55,2.0
576,2024,2025-03-23,1,23,132,119,True,119.1,134.33333333333334,0.65,1.0
732,2024,2025-04-13,1,22,117,105,True,121.1,110.33333333333333,0.65,7.0
871,2023,2024-01-17,2,27,117,98,True,128.75,117.0,,4.0
968,2023,2024-01-30,2,12,129,124,True,119.75,120.25,0.75,1.0
119,2024,2025-01-17,2,22,121,94,False,114.8,113.0,0.6666666666666666,5.0
191,2024,2025-01-27,2,11,112,114,False,111.3,117.66666666666667,0.5714285714285714,9.0
311,2024,2025-02-12,2,27,116,103,True,115.7,116.75,0.5882352941176471,6.0
445,2024,2025-03-06,2,23,123,105,True,118.0,131.5,0.6,1.0
463,2024,2025-03-08,2,14,111,101,True,117.6,118.0,0.6,2.0
474,2024,2025-03-10,2,29,114,108,True,117.8,129.0,0.6,2.0
490,2024,2025-03-12,2,21,112,118,False,116.8,124.0,0.6,2.0
666,2024,2025-04-04,2,24,123,103,True,114.4,124.66666666666667,0.55,2.0
733,2024,2025-04-13,2,4,93,86,True,113.7,115.33333333333333,0.5,2.0
862,2023,2024-01-15,3,16,95,96,False,115.33333333333333,98.66666666666667,,8.0
913,2023,2024-01-23,3,20,103,108,False,112.25,108.66666666666667,,8.0
943,2023,2024-01-27,3,11,106,104,True,108.16666666666667,114.75,0.3333333333333333,2.0
958,2023,2024-01-29,3,29,147,114,True,113.71428571428571,133.5,0.42857142857142855,2.0
980,2023,2024-01-31,3,24,120,136,False,114.5,123.5,0.375,2.0
24,2024,2025-01-04,3,23,94,123,True,112.22222222222223,124.0,0.4444444444444444,339.0
41,2024,2025-01-06,3,12,99,113,True,110.9,116.0,0.5,2.0
59,2024,2025-01-08,3,9,98,113,True,108.3,115.0,0.5454545454545454,2.0
149,2024,2025-01-21,3,20,95,99,False,105.1,105.25,0.5,13.0
155,2024,2025-01-22,3,24,84,108,True,104.0,115.6,0.5384615384615384,1.0
177,2024,2025-01-25,3,16,97,106,True,103.4,98.25,0.5714285714285714,3.0
254,2024,2025-02-04,3,11,99,97,True,102.9,111.6,0.625,8.0
262,2024,2025-02-05,3,30,102,119,False,98.4,108.33333333333333,0.5882352941176471,1.0
279,2024,2025-02-07,3,16,102,86,False,96.6,99.0,0.5555555555555556,2.0
300,2024,2025-02-10,3,4,97,89,True,96.9,110.75,0.5789473684210527,3.0
314,2024,2025-02-12,3,23,100,96,False,97.0,120.0,0.55,2.0
335,2024,2025-02-20,3,6,97,110,True,96.9,102.66666666666667,0.55,8.0
384,2024,2025-02-26,3,21,121,129,False,99.5,123.4,0.55,6.0
397,2024,2025-02-28,3,25,102,121,False,101.3,117.5,0.55,2.0
446,2024,2025-03-06,3,10,119,121,False,103.5,128.0,0.55,6.0
475,2024,2025-03-10,3,14,111,108,True,105.0,116.25,0.6,4.0
585,2024,2025-03-24,3,7,101,120,False,108.3,121.33333333333333,0.55,8.0
599,2024,2025-03-26,3,28,86,116,True,107.2,106.25,0.55,2.0
613,2024,2025-03-28,3,13,100,132,False,107.2,98.0,0.5,2.0
660,2024,2025-04-03,3,18,90,105,True,106.5,103.66666666666667,0.5,6.0
680,2024,2025-04-06,3,28,109,120,False,105.3,106.8,0.5,3.0
696,2024,2025-04-08,3,19,119,114,True,107.0,119.0,0.5,2.0
714,2024,2025-04-10,3,1,109,133,False,106.0,115.33333333333333,0.45,2.0
734,2024,2025-04-13,3,20,105,113,False,105.4,105.2,0.4,3.0
883,2023,2024-01-19,4,27,124,120,True,111.33333333333333,118.2,,9.0
891,2023,2024-01-20,4,23,89,97,False,105.75,115.57142857142857,,1.0
933,2023,2024-01-26,4,11,104,138,False,105.4,110.33333333333333,0.2,6.0
945,2023,2024-01-27,4,29,122,134,False,108.16666666666667,131.2,0.16666666666666666,1.0
955,2023,2024-01-29,4,20,92,113,False,105.85714285714286,103.0,0.14285714285714285,2.0
972,2023,2024-01-31,4,5,110,117,False,106.375,114.66666666666667,0.125,2.0
48,2024,2025-01-07,4,24,115,104,True,107.33333333333333,115.5,0.2222222222222222,342.0
141,2024,2025-01-20,4,7,110,105,True,107.6,118.5,0.3,13.0
171,2024,2025-01-24,4,25,97,102,True,106.1,113.4,0.36363636363636365,4.0
178,2024,2025-01-25,4,19,123,92,False,108.6,120.0,0.3333333333333333,1.0
189,2024,2025-01-27,4,14,107,112,False,106.9,114.4,0.3076923076923077,2.0
221,2024,2025-01-31,4,13,104,112,False,106.3,99.5,0.3333333333333333,2.0
230,2024,2025-02-01,4,8,104,107,False,104.5,104.66666666666667,0.3125,1.0
242,2024,2025-02-03,4,30,114,124,False,106.7,109.75,0.29411764705882354,2.0
259,2024,2025-02-05,4,17,102,112,False,105.9,112.66666666666667,0.2777777777777778,2.0
276,2024,2025-02-07,4,27,117,116,True,106.1,118.0,0.3157894736842105,2.0
404,2024,2025-03-01,4,30,100,113,False,105.1,107.8,0.3,22.0
419,2024,2025-03-03,4,10,101,119,False,105.5,121.25,0.3,2.0
436,2024,2025-03-05,4,18,110,125,False,104.2,105.25,0.3,2.0
449,2024,2025-03-07,4,6,117,118,False,105.2,106.25,0.25,2.0
457,2024,2025-03-08,4,3,105,102,True,107.4,97.33333333333333,0.3,1.0
539,2024,2025-03-18,4,1,102,134,False,107.2,112.0,0.3,10.0
554,2024,2025-03-20,4,20,115,98,False,108.3,104.71428571428571,0.3,2.0
590,2024,2025-03-25,4,22,104,111,False,107.3,111.2,0.3,5.0
634,2024,2025-03-31,4,29,110,106,True,108.1,127.66666666666667,0.35,6.0
664,2024,2025-04-04,4,26,102,125,False,106.6,98.25,0.3,4.0
679,2024,2025-04-06,4,5,117,131,False,108.3,115.25,0.25,2.0
836,2023,2024-01-12,5,10,131,140,False,119.66666666666667,123.2,,2.0
970,2023,2024-01-30,5,28,107,118,False,118.2,106.83333333333333,0.6,10.0
998,2023,2024-02-03,5,26,115,123,False,117.66666666666667,101.6,0.5,4.0
28,2024,2025-01-04,5,20,139,126,True,120.71428571428571,109.0,0.5714285714285714,336.0
44,2024,2025-01-06,5,27,114,110,True,119.875,117.42857142857143,0.625,2.0
75,2024,2025-01-10,5,30,138,105,True,121.88888888888889,112.83333333333333,0.6666666666666666,4.0
83,2024,2025-01-12,5,26,119,124,False,121.6,104.5,0.6,2.0
99,2024,2025-01-14,5,19,113,119,False,122.5,118.6,0.5454545454545454,2.0
105,2024,2025-01-15,5,1,94,110,True,119.5,108.4,0.5833333333333334,1.0
124,2024,2025-01-17,5,4,123,125,False,118.7,111.66666666666667,0.5384615384615384,2.0
183,2024,2025-01-25,5,23,97,109,True,115.9,113.25,0.5714285714285714,8.0
196,2024,2025-01-27,5,8,129,121,True,118.1,110.75,0.6,2.0
256,2024,2025-02-04,5,16,133,124,True,119.9,104.66666666666667,0.625,8.0
287,2024,2025-02-08,5,10,111,132,False,117.1,121.16666666666667,0.5882352941176471,4.0
309,2024,2025-02-11,5,9,92,132,True,114.9,109.25,0.6111111111111112,3.0
317,2024,2025-02-12,5,9,110,128,False,112.1,109.4,0.5789473684210527,1.0
350,2024,2025-02-22,5,24,117,121,False,111.9,115.71428571428571,0.55,10.0
386,2024,2025-02-26,5,13,117,122,False,112.3,103.0,0.5,4.0
399,2024,2025-02-28,5,28,125,115,True,115.4,109.42857142857143,0.5,2.0
430,2024,2025-03-04,5,6,117,139,False,114.8,108.4,0.5,4.0
478,2024,2025-03-10,5,12,121,103,True,117.2,116.83333333333333,0.5,6.0
500,2024,2025-03-13,5,3,116,110,True,115.9,102.0,0.55,3.0
608,2024,2025-03-27,5,14,119,117,True,114.5,115.16666666666667,0.6,14.0
622,2024,2025-03-29,5,7,119,120,False,115.3,118.6,0.55,2.0
646,2024,2025-04-01,5,28,137,118,True,119.8,112.875,0.55,3.0
668,2024,2025-04-04,5,25,118,113,True,120.6,114.16666666666667,0.55,3.0
706,2024,2025-04-09,5,16,119,111,True,120.8,106.71428571428571,0.6,5.0
722,2024,2025-04-11,5,30,119,89,False,121.0,113.71428571428571,0.6,2.0
749,2024,2025-04-16,5,16,90,109,True,117.5,104.625,0.6,5.0
797,2023,2024-01-07,6,27,117,115,True,123.66666666666667,117.375,,2.0
827,2023,2024-01-11,6,3,111,102,True,120.5,103.8,,4.0
861,2023,2024-01-15,6,5,109,91,True,118.2,114.0,1.0,4.0
872,2023,2024-01-17,6,17,135,95,True,121.0,118.25,1.0,2.0
956,2023,2024-01-29,6,13,118,108,True,120.57142857142857,105.5,1.0,12.0
973,2023,2024-01-31,6,9,128,121,True,121.5,112.5,1.0,2.0
34,2024,2025-01-05,6,4,115,105,True,120.77777777777777,112.14285714285714,1.0,340.0
55,2024,2025-01-08,6,21,129,122,True,121.6,124.33333333333333,1.0,3.0
63,2024,2025-01-09,6,28,132,126,True,120.8,115.0,1.0,1.0
85,2024,2025-01-12,6,12,93,108,True,118.7,113.42857142857143,1.0,3.0
145,2024,2025-01-20,6,24,118,92,False,118.8,116.0,0.9230769230769231,8.0
181,2024,2025-01-25,6,11,131,135,False,120.8,114.625,0.8571428571428571,5.0
190,2024,2025-01-27,6,9,110,91,False,120.9,112.14285714285714,0.8,2.0
217,2024,2025-01-30,6,1,137,115,True,121.1,113.16666666666667,0.8125,3.0
238,2024,2025-02-02,6,7,144,101,True,123.7,122.83333333333333,0.8235294117647058,3.0
297,2024,2025-02-10,6,18,128,107,True,122.7,109.8,0.7894736842105263,6.0
341,2024,2025-02-21,6,20,142,105,True,124.0,112.66666666666667,0.8,11.0
363,2024,2025-02-23,6,15,129,123,True,123.7,118.0,0.8,2.0
411,2024,2025-03-02,6,25,133,129,True,127.7,116.85714285714286,0.8,7.0
437,2024,2025-03-05,6,16,112,107,True,127.1,105.44444444444444,0.8,3.0
485,2024,2025-03-11,6,3,109,104,True,124.9,104.66666666666667,0.8,6.0
522,2024,2025-03-16,6,22,103,108,False,124.2,109.83333333333333,0.75,5.0
604,2024,2025-03-27,6,27,124,116,True,122.9,118.11111111111111,0.75,11.0
626,2024,2025-03-30,6,13,127,122,True,121.2,108.57142857142857,0.75,3.0
649,2024,2025-04-02,6,20,124,105,True,123.1,113.8,0.75,3.0
684,2024,2025-04-06,6,26,113,120,False,121.6,105.71428571428571,0.7,4.0
693,2024,2025-04-08,6,5,135,113,True,120.9,117.5,0.7,2.0
735,2024,2025-04-13,6,12,118,126,False,119.8,114.0,0.65,5.0
801,2023,2024-01-07,7,18,115,108,True,126.66666666666667,110.66666666666667,,2.0
815,2023,2024-01-09,7,15,103,120,False,120.75,114.25,,2.0
830,2023,2024-01-11,7,20,128,124,True,122.2,116.1,0.8,2.0
847,2023,2024-01-13,7,19,108,118,False,119.83333333333333,116.83333333333333,0.6666666666666666,2.0
856,2023,2024-01-15,7,19,125,120,True,120.57142857142857,118.0,0.7142857142857143,2.0
909,2023,2024-01-22,7,2,110,119,False,119.25,109.33333333333333,0.625,7.0
922,2023,2024-01-24,7,24,109,132,False,118.11111111111111,115.22222222222223,0.5555555555555556,2.0
949,2023,2024-01-27,7,26,115,120,False,117.8,106.875,0.5,3.0
964,2023,2024-01-29,7,22,131,129,True,118.3,112.85714285714286,0.5454545454545454,2.0
1000,2023,2024-02-03,7,17,117,129,False,116.1,118.0,0.5,5.0
20,2024,2025-01-03,7,6,122,134,False,116.8,110.66666666666667,0.46153846153846156,335.0
50,2024,2025-01-07,7,14,118,97,False,118.3,115.57142857142857,0.42857142857142855,4.0
66,2024,2025-01-09,7,25,117,111,True,117.2,120.0,0.4666666666666667,2.0
82,2024,2025-01-12,7,8,101,112,False,116.5,108.8,0.4375,3.0
101,2024,2025-01-14,7,8,99,118,True,113.9,107.16666666666667,0.47058823529411764,2.0
125,2024,2025-01-17,7,21,106,98,False,113.5,121.71428571428571,0.4444444444444444,3.0
156,2024,2025-01-22,7,18,114,115,False,114.0,111.14285714285714,0.42105263157894735,5.0
176,2024,2025-01-25,7,2,107,122,False,113.2,108.75,0.4,3.0
198,2024,2025-01-27,7,30,130,108,True,113.1,118.0,0.4,2.0
283,2024,2025-02-08,7,11,116,105,True,113.0,114.77777777777777,0.4,12.0
304,2024,2025-02-10,7,26,128,129,False,113.6,109.22222222222223,0.35,2.0
324,2024,2025-02-12,7,10,111,107,True,112.9,119.71428571428571,0.4,2.0
328,2024,2025-02-13,7,16,118,113,True,113.0,106.7,0.4,1.0
346,2024,2025-02-21,7,19,111,103,True,114.0,117.125,0.45,8.0
391,2024,2025-02-27,7,4,103,96,False,114.4,111.0,0.4,6.0
409,2024,2025-03-01,7,17,117,132,False,115.5,117.83333333333333,0.4,2.0
424,2024,2025-03-03,7,26,98,122,True,113.9,108.1,0.45,2.0
451,2024,2025-03-07,7,15,111,122,False,114.3,113.6,0.45,4.0
466,2024,2025-03-09,7,24,116,125,False,112.9,115.3,0.4,2.0
521,2024,2025-03-16,7,23,125,130,False,113.8,114.55555555555556,0.4,7.0
564,2024,2025-03-21,7,9,123,117,True,113.3,113.5,0.45,5.0
640,2024,2025-03-31,7,3,109,113,False,113.1,105.28571428571429,0.45,10.0
654,2024,2025-04-02,7,1,120,118,True,113.3,114.14285714285714,0.45,2.0
705,2024,2025-04-09,7,14,97,112,True,111.9,113.25,0.5,7.0
724,2024,2025-04-11,7,28,124,102,True,114.0,115.9,0.5,2.0
802,2023,2024-01-07,8,9,131,114,True,120.66666666666667,115.44444444444444,,2.0
841,2023,2024-01-12,8,19,125,113,True,121.75,118.0,,5.0
850,2023,2024-01-14,8,12,117,109,True,120.8,114.33333333333333,0.8,2.0
942,2023,2024-01-27,8,23,111,105,True,119.16666666666667,114.2,0.8333333333333334,13.0
965,2023,2024-01-29,8,17,113,107,True,118.28571428571429,117.14285714285714,0.8571428571428571,2.0
995,2023,2024-02-02,8,25,120,108,True,118.5,120.7,0.875,4.0
7,2024,2025-01-01,8,1,139,120,True,120.77777777777777,117.25,0.8888888888888888,334.0
21,2024,2025-01-03,8,27,110,113,False,119.7,117.3,0.8,2.0
53,2024,2025-01-07,8,2,106,118,False,119.2,108.2,0.7272727272727273,4.0
61,2024,2025-01-08,8,13,126,103,True,119.8,110.75,0.75,1.0
76,2024,2025-01-10,8,3,124,105,True,119.1,107.625,0.7692307692307693,2.0
109,2024,2025-01-15,8,11,108,128,False,117.4,114.1,0.7142857142857143,5.0
152,2024,2025-01-21,8,23,144,109,True,120.1,114.7,0.7333333333333333,6.0
167,2024,2025-01-23,8,26,132,123,True,122.2,111.6,0.75,2.0
248,2024,2025-02-03,8,19,125,113,True,123.4,118.7,0.7647058823529411,11.0
267,2024,2025-02-05,8,19,144,119,True,125.8,121.3,0.7777777777777778,2.0
272,2024,2025-02-06,8,22,112,90,False,123.1,113.55555555555556,0.7368421052631579,1.0
305,2024,2025-02-10,8,25,146,117,True,126.7,122.5,0.75,4.0
322,2024,2025-02-12,8,25,132,121,True,129.3,123.0,0.75,2.0
338,2024,2025-02-20,8,4,129,115,True,129.6,112.8,0.8,8.0
352,2024,2025-02-22,8,14,100,123,False,127.2,111.77777777777777,0.75,2.0
440,2024,2025-03-05,8,26,116,110,True,128.0,113.6,0.75,11.0
454,2024,2025-03-07,8,24,149,141,True,128.5,117.3,0.75,2.0
496,2024,2025-03-12,8,18,95,115,True,124.8,109.125,0.75,5.0
510,2024,2025-03-14,8,14,131,126,True,125.4,113.7,0.75,2.0
520,2024,2025-03-15,8,30,123,126,False,123.3,120.4,0.7,1.0
587,2024,2025-03-24,8,5,119,129,False,124.0,117.71428571428571,0.65,9.0
602,2024,2025-03-26,8,17,127,117,True,122.1,118.375,0.7,2.0
618,2024,2025-03-28,8,29,129,93,False,121.8,127.85714285714286,0.7,2.0
648,2024,2025-04-01,8,18,139,140,False,122.8,112.44444444444444,0.65,4.0
655,2024,2025-04-02,8,27,106,113,False,123.4,117.0,0.6,1.0
687,2024,2025-04-06,8,12,120,125,False,123.8,114.9,0.6,4.0
726,2024,2025-04-11,8,15,117,109,True,120.6,114.16666666666667,0.6,5.0
834,2023,2024-01-12,9,11,110,112,False,109.33333333333333,115.5,,2.0
869,2023,2024-01-17,9,18,117,124,False,111.25,112.9,,5.0
890,2023,2024-01-20,9,17,135,141,False,116.0,120.22222222222223,0.0,3.0
904,2023,2024-01-22,9,17,113,122,False,115.5,119.5,0.0,2.0
917,2023,2024-01-24,9,4,113,106,True,115.14285714285714,111.8,0.14285714285714285,2.0
940,2023,2024-01-27,9,30,104,118,False,113.75,118.4,0.125,3.0
950,2023,2024-01-28,9,21,120,104,True,114.44444444444444,121.5,0.2222222222222222,1.0
986,2023,2024-02-02,9,13,125,136,False,115.5,112.33333333333333,0.2,5.0
1,2024,2025-01-01,9,22,105,96,False,115.0,112.7,0.18181818181818182,334.0
15,2024,2025-01-03,9,4,98,94,True,114.0,108.6,0.25,2.0
25,2024,2025-01-04,9,18,119,105,True,114.9,112.1,0.3076923076923077,1.0
39,2024,2025-01-06,9,25,118,115,True,115.0,124.6,0.35714285714285715,2.0
64,2024,2025-01-09,9,10,104,107,False,111.9,117.75,0.3333333333333333,3.0
78,2024,2025-01-11,9,28,123,114,True,112.9,115.6,0.375,2.0
114,2024,2025-01-16,9,12,100,111,False,111.6,114.1,0.35294117647058826,5.0
128,2024,2025-01-18,9,24,121,125,False,113.3,117.2,0.3333333333333333,2.0
222,2024,2025-01-31,9,7,117,102,True,113.0,122.0,0.3684210526315789,13.0
237,2024,2025-02-02,9,5,127,119,True,113.2,118.875,0.4,2.0
243,2024,2025-02-03,9,1,130,132,False,115.7,118.66666666666667,0.4,1.0
260,2024,2025-02-05,9,6,115,118,False,117.4,111.28571428571429,0.4,2.0
280,2024,2025-02-07,9,23,125,112,True,118.0,114.0,0.45,2.0
294,2024,2025-02-09,9,4,112,102,True,117.4,110.5,0.5,2.0
365,2024,2025-02-24,9,13,106,97,False,117.6,111.7,0.5,15.0
380,2024,2025-02-26,9,2,117,97,False,117.0,109.66666666666667,0.5,2.0
394,2024,2025-02-28,9,8,119,134,False,118.9,108.85714285714286,0.45,2.0
405,2024,2025-03-01,9,3,115,94,False,118.3,108.44444444444444,0.45,1.0
486,2024,2025-03-11,9,30,123,103,True,118.9,120.5,0.45,10.0
498,2024,2025-03-13,9,30,125,129,False,118.7,121.6,0.45,2.0
514,2024,2025-03-15,9,21,107,113,False,116.4,119.88888888888889,0.45,2.0
574,2024,2025-03-23,9,19,136,130,True,118.5,122.9,0.45,8.0
591,2024,2025-03-25,9,27,122,96,False,118.2,115.8,0.4,2.0
612,2024,2025-03-28,9,6,133,122,True,120.3,114.0,0.4,3.0
675,2024,2025-04-05,9,15,103,109,False,120.0,112.57142857142857,0.4,8.0
690,2024,2025-04-07,9,26,117,127,False,120.0,116.3,0.35,2.0
712,2024,2025-04-10,9,20,115,106,True,119.6,115.8,0.4,3.0
717,2024,2025-04-11,9,17,119,125,False,120.0,119.9,0.4,1.0
790,2023,2024-01-05,10,9,113,109,True,120.33333333333333,115.2,,1.0
804,2023,2024-01-07,10,28,118,133,False,119.75,115.5,,2.0
824,2023,2024-01-10,10,19,105,141,False,116.8,121.5,0.4,3.0
924,2023,2024-01-24,10,1,134,112,True,119.66666666666667,120.2,0.5,14.0
930,2023,2024-01-25,10,26,133,134,False,121.57142857142857,118.1,0.42857142857142855,1.0
948,2023,2024-01-27,10,14,144,145,False,124.375,114.3,0.375,2.0
971,2023,2024-01-30,10,23,119,107,True,123.77777777777777,112.7,0.4444444444444444,3.0
13,2024,2025-01-02,10,23,139,105,True,125.3,114.3,0.5,338.0
31,2024,2025-01-04,10,15,121,113,True,125.3,113.625,0.5454545454545454,2.0
38,2024,2025-01-05,10,26,99,129,True,122.5,116.1,0.5833333333333334,1.0
54,2024,2025-01-07,10,16,98,114,True,121.0,106.7,0.6153846153846154,2.0
131,2024,2025-01-18,10,30,122,114,True,121.4,123.8,0.6428571428571429,11.0
146,2024,2025-01-20,10,2,85,125,True,119.4,106.14285714285714,0.6666666666666666,2.0
168,2024,2025-01-23,10,5,131,106,True,119.1,120.22222222222223,0.6875,3.0
185,2024,2025-01-25,10,14,108,118,False,116.6,114.6,0.6470588235294118,2.0
203,2024,2025-01-28,10,29,114,103,True,113.6,126.125,0.6666666666666666,3.0
215,2024,2025-01-29,10,21,116,109,True,113.3,119.5,0.6842105263157895,1.0
227,2024,2025-01-31,10,24,105,130,False,109.9,115.4,0.65,2.0
250,2024,2025-02-03,10,22,104,99,False,108.2,113.8,0.6,3.0
356,2024,2025-02-23,10,7,126,102,True,110.9,122.5,0.65,20.0
378,2024,2025-02-25,10,4,128,92,False,113.9,113.6,0.6,2.0
464,2024,2025-03-08,10,9,115,110,True,113.2,116.3,0.65,11.0
483,2024,2025-03-10,10,25,130,120,True,117.7,127.9,0.7,2.0
502,2024,2025-03-13,10,26,130,104,True,117.6,117.8,0.7,3.0
519,2024,2025-03-15,10,20,97,94,True,116.5,115.2,0.75,2.0
534,2024,2025-03-17,10,8,105,114,False,115.6,110.44444444444444,0.75,2.0
541,2024,2025-03-18,10,17,104,93,False,114.4,118.2,0.7,1.0
556,2024,2025-03-20,10,28,117,114,True,115.6,117.8,0.7,2.0
671,2024,2025-04-04,10,8,118,104,True,117.0,111.2,0.7,15.0
689,2024,2025-04-06,10,11,96,106,True,114.0,110.6,0.7,2.0
708,2024,2025-04-09,10,27,111,114,False,112.3,115.3,0.65,3.0
744,2024,2025-04-13,10,13,119,124,False,112.7,113.8,0.6,4.0
748,2024,2025-04-15,10,15,121,116,True,111.8,114.44444444444444,0.6,2.0
785,2023,2024-01-05,11,18,95,122,False,114.33333333333333,112.2,,2.0
796,2023,2024-01-06,11,17,112,108,True,113.75,119.2,,1.0
896,2023,2024-01-20,11,29,127,126,True,116.4,126.22222222222223,0.8,14.0
901,2023,2024-01-21,11,2,107,116,False,114.83333333333333,106.25,0.6666666666666666,1.0
920,2023,2024-01-24,11,25,131,137,False,117.14285714285714,129.2,0.5714285714285714,3.0
960,2023,2024-01-29,11,14,135,119,True,119.375,117.0,0.625,5.0
976,2023,2024-01-31,11,19,99,110,False,117.11111111111111,119.1,0.5555555555555556,2.0
990,2023,2024-02-02,11,28,135,106,True,118.9,122.7,0.6,2.0
6,2024,2025-01-01,11,7,110,99,False,116.3,121.11111111111111,0.5454545454545454,334.0
17,2024,2025-01-03,11,2,86,109,True,113.7,104.0,0.5833333333333334,2.0
37,2024,2025-01-05,11,14,119,115,True,116.1,117.8,0.6153846153846154,2.0
93,2024,2025-01-13,11,15,120,118,True,116.9,115.0,0.6428571428571429,8.0
142,2024,2025-01-20,11,9,96,107,True,113.8,115.4,0.6666666666666666,7.0
157,2024,2025-01-22,11,6,109,108,True,114.0,113.44444444444444,0.6875,2.0
231,2024,2025-02-01,11,3,98,110,True,110.7,108.2,0.7058823529411765,10.0
295,2024,2025-02-09,11,28,94,87,True,106.6,121.2,0.7222222222222222,8.0
321,2024,2025-02-12,11,24,119,111,True,108.6,115.3,0.7368421052631579,3.0
326,2024,2025-02-13,11,10,98,105,True,104.9,115.55555555555556,0.75,1.0
347,2024,2025-02-21,11,18,121,115,True,106.0,115.3,0.75,8.0
375,2024,2025-02-25,11,17,100,97,False,107.4,115.7,0.7,4.0
388,2024,2025-02-26,11,27,118,106,True,107.3,114.7,0.75,1.0
406,2024,2025-03-01,11,26,103,113,False,105.6,116.6,0.7,3.0
458,2024,2025-03-08,11,19,146,117,True,110.6,122.4,0.7,7.0
479,2024,2025-03-10,11,22,97,84,True,109.4,111.8,0.75,2.0
493,2024,2025-03-12,11,24,111,104,True,110.7,118.0,0.8,2.0
506,2024,2025-03-14,11,7,133,96,False,114.6,122.3,0.75,2.0
515,2024,2025-03-15,11,5,117,114,True,114.4,119.9,0.8,1.0
530,2024,2025-03-17,11,23,144,137,True,119.0,119.3,0.8,2.0
580,2024,2025-03-23,11,8,111,116,False,118.0,112.3,0.8,6.0
594,2024,2025-03-25,11,1,121,114,True,120.1,120.8,0.8,2.0
653,2024,2025-04-02,11,29,143,105,True,122.6,127.9,0.8,8.0
669,2024,2025-04-04,11,21,125,111,True,124.8,117.9,0.8,2.0
739,2024,2025-04-13,11,8,111,126,False,121.3,112.4,0.75,9.0
793,2023,2024-01-06,12,2,101,118,False,131.0,103.7,,1.0
807,2023,2024-01-08,12,2,133,131,True,131.5,105.7,,2.0
820,2023,2024-01-10,12,30,112,104,True,127.6,121.2,0.8,2.0
912,2023,2024-01-23,12,8,109,114,False,124.5,112.9,0.6666666666666666,13.0
925,2023,2024-01-25,12,23,134,122,True,125.85714285714286,122.7,0.7142857142857143,2.0
934,2023,2024-01-26,12,24,133,131,True,126.75,119.8,0.75,1.0
951,2023,2024-01-28,12,15,116,110,True,125.55555555555556,116.6,0.7777777777777778,2.0
989,2023,2024-02-02,12,26,122,133,False,125.2,116.0,0.7,5.0
26,2024,2025-01-04,12,24,126,108,True,123.6,120.7,0.7272727272727273,337.0
56,2024,2025-01-08,12,5,129,113,True,121.5,120.6,0.75,4.0
70,2024,2025-01-10,12,10,108,96,False,122.2,114.8,0.6923076923076923,2.0
96,2024,2025-01-14,12,6,117,127,False,120.6,113.8,0.6428571428571429,4.0
130,2024,2025-01-18,12,23,115,102,True,120.9,125.3,0.6666666666666666,4.0
162,2024,2025-01-23,12,27,110,140,False,121.0,114.0,0.625,5.0
206,2024,2025-01-29,12,9,133,119,True,120.9,119.5,0.6470588235294118,6.0
228,2024,2025-02-01,12,1,132,127,True,120.8,125.9,0.6666666666666666,3.0
308,2024,2025-02-11,12,20,115,128,False,120.7,117.2,0.631578947368421,10.0
332,2024,2025-02-20,12,15,127,113,True,121.2,116.8,0.65,9.0
357,2024,2025-02-23,12,13,129,111,True,121.5,117.1,0.65,3.0
366,2024,2025-02-24,12,8,116,125,False,120.2,111.6,0.6,1.0
381,2024,2025-02-26,12,28,111,91,False,120.5,121.6,0.6,2.0
412,2024,2025-03-02,12,5,127,112,True,121.5,122.1,0.6,4.0
426,2024,2025-03-04,12,11,115,102,True,121.5,110.9,0.6,2.0
487,2024,2025-03-11,12,17,115,114,True,122.0,118.0,0.65,7.0
543,2024,2025-03-19,12,7,135,131,True,122.2,121.5,0.65,8.0
555,2024,2025-03-20,12,3,105,99,False,119.5,110.4,0.6,1.0
569,2024,2025-03-22,12,3,108,103,True,118.8,110.7,0.6,2.0
582,2024,2025-03-24,12,18,119,103,True,118.0,116.2,0.65,2.0
600,2024,2025-03-26,12,14,119,120,False,117.0,119.0,0.6,2.0
635,2024,2025-03-31,12,26,111,109,True,116.5,117.3,0.6,5.0
650,2024,2025-04-02,12,4,119,105,True,117.3,115.1,0.65,2.0
665,2024,2025-04-04,12,29,140,112,True,118.6,127.2,0.7,2.0
694,2024,2025-04-08,12,30,104,98,False,117.5,119.7,0.65,4.0
713,2024,2025-04-10,12,6,114,112,True,117.4,115.7,0.7,2.0
718,2024,2025-04-11,12,22,115,129,False,115.4,111.2,0.65,1.0
826,2023,2024-01-10,13,28,126,120,True,128.33333333333334,121.7,,2.0
868,2023,2024-01-16,13,21,128,117,True,128.25,118.8,,6.0
898,2023,2024-01-21,13,3,125,114,True,127.6,111.6,1.0,5.0
916,2023,2024-01-23,13,14,127,116,True,127.5,119.8,1.0,2.0
32,2024,2025-01-04,13,1,131,105,True,128.0,128.8,1.0,347.0
95,2024,2025-01-13,13,16,109,98,False,125.625,109.9,0.875,9.0
113,2024,2025-01-15,13,3,126,67,False,125.66666666666667,113.1,0.7777777777777778,2.0
138,2024,2025-01-19,13,14,116,102,True,124.7,119.6,0.8,4.0
148,2024,2025-01-20,13,5,99,112,True,122.5,121.0,0.8181818181818182,1.0
161,2024,2025-01-22,13,2,113,117,False,120.0,106.5,0.75,2.0
170,2024,2025-01-23,13,30,110,93,False,118.4,116.7,0.6923076923076923,1.0
187,2024,2025-01-25,13,17,127,117,True,118.3,119.4,0.7142857142857143,2.0
257,2024,2025-02-04,13,14,97,122,True,115.5,119.6,0.7333333333333333,10.0
275,2024,2025-02-06,13,12,112,119,False,114.0,112.9,0.6875,2.0
293,2024,2025-02-08,13,29,130,110,True,113.9,127.6,0.7058823529411765,2.0
325,2024,2025-02-12,13,15,128,114,True,115.8,116.7,0.7222222222222222,4.0
442,2024,2025-03-05,13,9,123,115,True,115.5,120.8,0.7368421052631579,21.0
456,2024,2025-03-07,13,20,105,95,False,114.4,117.2,0.7,2.0
472,2024,2025-03-09,13,26,111,110,True,115.6,115.2,0.7,2.0
526,2024,2025-03-16,13,4,123,88,False,116.6,115.1,0.65,7.0
542,2024,2025-03-18,13,6,132,119,True,118.8,117.3,0.65,2.0
568,2024,2025-03-21,13,15,128,108,True,118.9,119.2,0.65,3.0
581,2024,2025-03-23,13,21,101,103,False,119.3,117.7,0.6,2.0
657,2024,2025-04-02,13,19,114,98,False,119.5,123.0,0.55,10.0
673,2024,2025-04-04,13,7,114,91,False,117.9,120.9,0.5,2.0
678,2024,2025-04-05,13,7,135,104,True,118.6,124.3,0.55,1.0
701,2024,2025-04-08,13,27,122,117,True,118.5,114.8,0.6,3.0
711,2024,2025-04-09,13,11,134,117,True,121.4,113.7,0.6,1.0
805,2023,2024-01-07,14,13,106,103,True,105.0,117.7,,2.0
816,2023,2024-01-09,14,28,132,131,True,111.75,121.2,,2.0
831,2023,2024-01-11,14,24,109,127,False,111.2,122.7,0.4,2.0
865,2023,2024-01-15,14,21,112,105,True,111.33333333333333,116.5,0.5,4.0
876,2023,2024-01-17,14,7,127,110,True,113.57142857142857,126.0,0.5714285714285714,2.0
889,2023,2024-01-19,14,3,112,130,False,113.375,113.4,0.5,2.0
903,2023,2024-01-21,14,25,134,110,True,115.66666666666667,129.3,0.5555555555555556,2.0
931,2023,2024-01-25,14,5,141,132,True,118.2,123.4,0.6,4.0
14,2024,2025-01-02,14,25,114,106,True,120.0,128.1,0.6363636363636364,343.0
23,2024,2025-01-03,14,1,119,102,True,120.6,131.3,0.6666666666666666,1.0
94,2024,2025-01-13,14,27,102,126,False,120.2,113.3,0.6153846153846154,10.0
112,2024,2025-01-15,14,16,117,108,True,118.7,111.3,0.6428571428571429,2.0
127,2024,2025-01-17,14,3,102,101,True,118.0,112.7,0.6666666666666666,2.0
153,2024,2025-01-21,14,30,111,88,False,117.9,116.4,0.625,4.0
169,2024,2025-01-23,14,2,117,96,False,116.9,107.2,0.5882352941176471,2.0
273,2024,2025-02-06,14,10,120,112,True,117.7,112.7,0.6111111111111112,14.0
284,2024,2025-02-08,14,12,124,117,True,116.7,113.3,0.631578947368421,2.0
306,2024,2025-02-10,14,29,132,113,True,115.8,129.4,0.65,2.0
331,2024,2025-02-19,14,4,97,100,True,114.1,113.3,0.7,9.0
379,2024,2025-02-25,14,7,107,99,False,112.9,124.8,0.7,6.0
393,2024,2025-02-27,14,18,111,102,True,113.8,114.5,0.7,2.0
403,2024,2025-02-28,14,13,106,102,True,112.7,117.9,0.7,1.0
418,2024,2025-03-02,14,13,108,102,True,113.3,117.0,0.75,2.0
434,2024,2025-03-04,14,19,136,115,True,115.8,124.1,0.75,2.0
448,2024,2025-03-06,14,20,113,109,True,115.4,119.3,0.75,2.0
523,2024,2025-03-16,14,24,107,96,False,114.1,121.8,0.75,10.0
538,2024,2025-03-17,14,27,125,109,True,114.2,113.4,0.75,1.0
550,2024,2025-03-19,14,8,120,108,True,113.0,113.5,0.75,2.0
558,2024,2025-03-20,14,17,89,118,True,112.2,115.6,0.75,1.0
573,2024,2025-03-22,14,5,115,146,False,113.0,124.0,0.7,2.0
641,2024,2025-03-31,14,11,104,98,False,112.3,114.2,0.7,9.0
663,2024,2025-04-03,14,10,116,123,False,113.3,111.9,0.65,3.0
672,2024,2025-04-04,14,19,124,108,True,114.9,125.4,0.65,1.0
731,2024,2025-04-11,14,11,140,109,True,115.3,117.8,0.7,7.0
837,2023,2024-01-12,15,13,119,128,False,112.0,117.1,,9.0
844,2023,2024-01-13,15,20,94,106,False,107.5,117.2,,1.0
860,2023,2024-01-15,15,10,116,107,True,109.2,111.6,0.4,2.0
936,2023,2024-01-26,15,22,107,106,True,108.83333333333333,111.5,0.5,11.0
961,2023,2024-01-29,15,26,94,103,False,106.71428571428571,113.0,0.42857142857142855,3.0
984,2023,2024-02-01,15,6,101,108,False,106.0,117.7,0.375,3.0
991,2023,2024-02-02,15,10,101,121,False,105.44444444444444,111.6,0.3333333333333333,1.0
45,2024,2025-01-06,15,7,119,104,True,106.8,122.3,0.4,339.0
67,2024,2025-01-09,15,11,115,119,False,107.7,116.9,0.36363636363636365,3.0
143,2024,2025-01-20,15,18,108,106,True,107.4,113.8,0.4166666666666667,11.0
158,2024,2025-01-22,15,4,132,120,True,108.7,116.2,0.46153846153846156,2.0
173,2024,2025-01-24,15,19,139,126,True,113.2,126.8,0.5,2.0
184,2024,2025-01-25,15,29,125,103,True,114.1,127.2,0.5333333333333333,1.0
219,2024,2025-01-30,15,11,120,119,True,115.4,115.8,0.5625,5.0
245,2024,2025-02-03,15,27,128,109,True,118.8,115.2,0.5882352941176471,4.0
288,2024,2025-02-08,15,21,112,125,False,119.9,115.6,0.5555555555555556,5.0
376,2024,2025-02-25,15,24,151,148,True,124.9,122.0,0.5789473684210527,17.0
400,2024,2025-02-28,15,20,113,114,False,124.3,114.6,0.55,3.0
407,2024,2025-03-01,15,27,128,130,False,125.6,117.2,0.5,1.0
422,2024,2025-03-03,15,1,130,132,False,127.8,130.6,0.5,2.0
441,2024,2025-03-05,15,21,103,120,False,124.9,113.0,0.5,2.0
480,2024,2025-03-10,15,24,120,118,True,123.0,121.9,0.55,5.0
494,2024,2025-03-12,15,29,122,115,True,122.7,127.2,0.55,2.0
507,2024,2025-03-14,15,6,124,133,False,123.1,118.4,0.5,2.0
516,2024,2025-03-15,15,16,125,91,False,122.8,110.5,0.5,1.0
623,2024,2025-03-29,15,14,127,134,False,124.3,122.3,0.5,14.0
638,2024,2025-03-31,15,2,103,117,False,119.5,106.8,0.5,2.0
647,2024,2025-04-01,15,10,125,134,False,120.7,111.0,0.45,1.0
716,2024,2025-04-10,15,18,125,141,False,120.4,114.9,0.45,9.0
740,2024,2025-04-13,15,7,132,97,False,120.6,123.8,0.4,3.0
835,2023,2024-01-12,16,22,99,96,True,113.0,111.1,,2.0
851,2023,2024-01-14,16,4,104,87,True,110.75,115.5,,2.0
886,2023,2024-01-19,16,1,108,109,False,110.2,129.4,0.6,5.0
919,2023,2024-01-24,16,15,96,105,False,107.83333333333333,117.3,0.5,5.0
928,2023,2024-01-25,16,2,110,143,False,108.14285714285714,107.2,0.42857142857142855,1.0
959,2023,2024-01-29,16,24,105,118,False,107.75,121.9,0.375,4.0
975,2023,2024-01-31,16,26,115,106,True,108.55555555555556,113.5,0.4444444444444444,2.0
3,2024,2025-01-01,16,19,119,108,True,109.6,126.2,0.5,336.0
9,2024,2025-01-02,16,12,115,128,False,109.1,111.9,0.45454545454545453,1.0
27,2024,2025-01-04,16,29,100,136,False,107.1,126.2,0.4166666666666667,2.0
121,2024,2025-01-17,16,8,113,133,False,108.5,114.9,0.38461538461538464,13.0
134,2024,2025-01-19,16,27,128,107,True,110.9,117.8,0.42857142857142855,2.0
150,2024,2025-01-21,16,25,107,116,False,110.8,124.9,0.4,2.0
193,2024,2025-01-27,16,22,125,119,True,113.7,110.5,0.4375,6.0
209,2024,2025-01-29,16,6,106,126,False,113.3,117.3,0.4117647058823529,2.0
301,2024,2025-02-10,16,2,85,103,True,111.3,104.0,0.4444444444444444,12.0
385,2024,2025-02-26,16,1,131,109,True,112.9,128.6,0.47368421052631576,16.0
398,2024,2025-02-28,16,12,125,120,True,113.5,114.5,0.5,2.0
413,2024,2025-03-02,16,20,112,116,False,113.2,111.6,0.45,2.0
421,2024,2025-03-03,16,30,106,90,False,113.8,114.0,0.45,1.0
452,2024,2025-03-07,16,18,104,106,False,112.9,115.8,0.4,4.0
461,2024,2025-03-08,16,5,109,114,False,111.0,121.4,0.35,1.0
476,2024,2025-03-10,16,4,102,105,False,110.5,112.8,0.35,2.0
492,2024,2025-03-12,16,13,104,119,False,108.4,114.8,0.35,2.0
503,2024,2025-03-14,16,2,91,103,True,106.9,104.6,0.4,2.0
545,2024,2025-03-19,16,9,113,116,False,109.7,119.3,0.4,5.0
560,2024,2025-03-21,16,11,98,102,True,106.4,115.2,0.4,2.0
577,2024,2025-03-23,16,4,122,105,True,106.1,113.7,0.4,2.0
592,2024,2025-03-25,16,10,112,86,False,106.1,111.1,0.4,2.0
607,2024,2025-03-27,16,1,122,112,True,107.7,127.8,0.45,2.0
661,2024,2025-04-03,16,15,108,110,False,108.1,117.8,0.45,7.0
677,2024,2025-04-05,16,17,115,121,False,108.7,113.6,0.4,2.0
691,2024,2025-04-07,16,23,117,105,True,110.2,127.3,0.45,2.0
736,2024,2025-04-13,16,30,118,119,False,111.6,113.5,0.4,6.0
828,2023,2024-01-11,17,2,135,102,True,121.33333333333333,107.4,,3.0
845,2023,2024-01-13,17,10,129,118,True,123.25,112.9,,2.0
852,2023,2024-01-14,17,26,143,142,True,127.2,116.1,0.6,1.0
921,2023,2024-01-24,17,6,126,116,True,127.0,117.7,0.6666666666666666,10.0
937,2023,2024-01-26,17,6,100,112,False,123.14285714285714,116.2,0.5714285714285714,2.0
946,2023,2024-01-27,17,19,141,117,True,125.375,125.9,0.625,1.0
11,2024,2025-01-02,17,3,110,113,False,123.66666666666667,111.3,0.5555555555555556,341.0
29,2024,2025-01-04,17,25,102,105,False,121.5,123.4,0.5,2.0
62,2024,2025-01-08,17,27,121,105,True,122.3,118.8,0.5454545454545454,4.0
100,2024,2025-01-14,17,26,130,115,True,123.7,115.8,0.5833333333333334,6.0
106,2024,2025-01-15,17,22,122,93,False,122.4,110.7,0.5384615384615384,1.0
122,2024,2025-01-17,17,28,130,112,True,122.5,119.7,0.5714285714285714,2.0
136,2024,2025-01-19,17,23,123,109,True,120.5,127.1,0.6,2.0
166,2024,2025-01-23,17,16,125,96,False,120.4,111.1,0.5625,4.0
241,2024,2025-02-02,17,15,119,132,False,122.3,117.6,0.5294117647058824,10.0
296,2024,2025-02-09,17,23,135,127,True,121.7,129.5,0.5555555555555556,7.0
302,2024,2025-02-10,17,10,111,125,False,121.8,113.6,0.5263157894736842,1.0
337,2024,2025-02-20,17,13,116,110,True,123.2,113.8,0.55,10.0
361,2024,2025-02-23,17,16,120,113,True,123.1,114.1,0.6,3.0
390,2024,2025-02-27,17,8,121,112,True,122.2,115.1,0.65,4.0
439,2024,2025-03-05,17,7,137,107,True,123.7,124.9,0.65,6.0
462,2024,2025-03-08,17,22,109,111,False,121.6,110.4,0.6,3.0
469,2024,2025-03-09,17,6,100,112,False,119.3,112.9,0.55,1.0
499,2024,2025-03-13,17,14,126,106,True,119.4,121.8,0.55,4.0
517,2024,2025-03-15,17,12,126,119,True,120.1,117.0,0.6,2.0
528,2024,2025-03-16,17,21,105,121,False,117.1,112.9,0.55,1.0
615,2024,2025-03-28,17,20,107,116,False,116.7,109.9,0.55,12.0
628,2024,2025-03-30,17,1,124,145,False,117.5,126.8,0.55,2.0
644,2024,2025-04-01,17,24,133,123,True,118.8,123.3,0.55,2.0
698,2024,2025-04-08,17,18,110,103,True,117.7,112.9,0.55,7.0
715,2024,2025-04-10,17,19,136,111,True,117.6,125.9,0.6,2.0
738,2024,2025-04-13,17,9,140,133,True,120.7,122.3,0.6,3.0
853,2023,2024-01-14,18,13,109,105,True,110.33333333333333,112.2,,2.0
881,2023,2024-01-18,18,15,118,103,True,112.25,117.3,,4.0
897,2023,2024-01-20,18,21,97,102,False,109.2,111.9,0.6,2.0
908,2023,2024-01-22,18,4,125,128,False,111.83333333333333,116.4,0.5,2.0
977,2023,2024-01-31,18,7,121,87,True,113.14285714285714,126.0,0.5714285714285714,9.0
992,2023,2024-02-02,18,22,106,108,False,112.25,110.5,0.5,2.0
10,2024,2025-01-02,18,2,115,118,False,112.55555555555556,110.3,0.4444444444444444,335.0
46,2024,2025-01-06,18,13,108,106,True,112.1,112.4,0.5,4.0
79,2024,2025-01-11,18,15,125,127,False,114.0,117.8,0.45454545454545453,5.0
111,2024,2025-01-15,18,10,115,116,False,113.9,115.3,0.4166666666666667,4.0
132,2024,2025-01-18,18,6,117,124,False,114.7,113.7,0.38461538461538464,3.0
175,2024,2025-01-25,18,8,133,104,True,116.2,115.7,0.42857142857142855,7.0
197,2024,2025-01-27,18,1,100,92,False,116.5,124.7,0.4,2.0
232,2024,2025-02-01,18,30,103,105,False,114.3,113.4,0.375,5.0
246,2024,2025-02-03,18,26,114,116,False,113.6,117.3,0.35294117647058826,2.0
265,2024,2025-02-05,18,5,127,108,True,115.7,122.2,0.3888888888888889,2.0
271,2024,2025-02-06,18,11,127,114,True,116.9,116.9,0.42105263157894735,1.0
289,2024,2025-02-08,18,25,114,98,False,117.5,119.8,0.4,2.0
318,2024,2025-02-12,18,17,101,103,False,115.1,112.4,0.4,4.0
329,2024,2025-02-13,18,21,116,101,True,115.2,111.9,0.4,1.0
364,2024,2025-02-23,18,21,123,130,False,115.8,111.7,0.35,10.0
431,2024,2025-03-04,18,23,126,112,True,115.1,127.7,0.35,9.0
470,2024,2025-03-09,18,27,141,124,True,119.2,121.1,0.4,5.0
508,2024,2025-03-14,18,22,118,111,True,120.7,110.2,0.45,5.0
527,2024,2025-03-16,18,29,128,102,True,122.1,126.3,0.45,2.0
531,2024,2025-03-17,18,12,130,132,False,122.4,118.2,0.45,1.0
546,2024,2025-03-19,18,19,115,119,False,121.2,127.6,0.45,2.0
561,2024,2025-03-21,18,19,134,93,False,123.2,126.4,0.4,2.0
616,2024,2025-03-28,18,24,124,109,True,125.5,124.6,0.45,7.0
629,2024,2025-03-30,18,9,123,104,True,126.2,122.3,0.5,2.0
725,2024,2025-04-11,18,3,117,91,False,125.6,111.5,0.5,12.0
741,2024,2025-04-13,18,29,116,105,True,124.6,125.2,0.5,2.0
875,2023,2024-01-17,19,4,132,112,True,113.0,118.4,,12.0
887,2023,2024-01-19,19,24,109,123,False,112.0,122.2,,2.0
914,2023,2024-01-23,19,29,153,124,True,120.2,126.2,0.6,4.0
938,2023,2024-01-26,19,21,83,107,False,114.0,107.2,0.5,3.0
18,2024,2025-01-03,19,30,132,120,True,116.57142857142857,114.3,0.5714285714285714,343.0
51,2024,2025-01-07,19,18,97,104,True,114.125,110.9,0.625,4.0
60,2024,2025-01-08,19,25,100,119,False,112.55555555555556,116.6,0.5555555555555556,1.0
107,2024,2025-01-15,19,7,119,116,True,113.2,124.6,0.6,7.0
123,2024,2025-01-17,19,29,136,123,True,115.6,125.8,0.6363636363636364,2.0
147,2024,2025-01-20,19,29,123,119,True,118.4,125.1,0.6666666666666666,3.0
212,2024,2025-01-29,19,7,136,137,False,118.8,124.7,0.6153846153846154,9.0
225,2024,2025-01-31,19,2,116,118,False,119.5,111.8,0.5714285714285714,2.0
319,2024,2025-02-12,19,26,111,119,False,115.3,115.4,0.5333333333333333,12.0
327,2024,2025-02-13,19,26,140,133,True,121.0,119.1,0.5625,1.0
362,2024,2025-02-23,19,27,114,96,False,119.2,121.5,0.5294117647058824,10.0
377,2024,2025-02-25,19,27,109,103,True,120.4,120.2,0.5555555555555556,2.0
447,2024,2025-03-06,19,11,97,109,True,120.1,117.0,0.5789473684210527,9.0
467,2024,2025-03-09,19,15,104,107,False,118.6,116.6,0.55,3.0
488,2024,2025-03-11,19,13,127,120,True,117.7,109.8,0.55,2.0
501,2024,2025-03-13,19,22,93,113,True,114.7,109.1,0.6,2.0
532,2024,2025-03-17,19,9,81,127,True,109.2,117.3,0.6,4.0
586,2024,2025-03-24,19,23,112,99,False,108.8,126.4,0.6,7.0
617,2024,2025-03-28,19,10,95,111,True,107.2,114.0,0.6,4.0
630,2024,2025-03-30,19,4,98,94,True,103.0,115.4,0.65,2.0
688,2024,2025-04-06,19,17,107,111,False,102.3,111.2,0.6,7.0
723,2024,2025-04-11,19,16,104,153,False,101.8,113.3,0.55,5.0
742,2024,2025-04-13,19,21,100,115,False,102.1,107.1,0.55,2.0
814,2023,2024-01-09,20,25,112,84,True,113.33333333333333,116.0,,6.0
857,2023,2024-01-15,20,22,94,98,False,108.5,108.8,,6.0
873,2023,2024-01-17,20,11,109,94,True,108.6,116.4,0.8,2.0
878,2023,2024-01-18,20,30,113,109,True,109.33333333333333,113.1,0.8333333333333334,1.0
894,2023,2024-01-20,20,28,126,100,True,111.71428571428571,120.0,0.8571428571428571,2.0
929,2023,2024-01-25,20,8,122,84,True,113.0,117.4,0.875,5.0
941,2023,2024-01-27,20,16,125,109,True,114.33333333333333,114.0,0.8888888888888888,2.0
969,2023,2024-01-30,20,29,118,103,True,114.7,123.7,0.9,3.0
983,2023,2024-02-01,20,12,109,105,True,114.4,117.4,0.9090909090909091,2.0
999,2023,2024-02-03,20,14,105,113,False,113.3,117.9,0.8333333333333334,2.0
4,2024,2025-01-01,20,29,119,103,True,114.0,123.1,0.8461538461538461,333.0
42,2024,2025-01-06,20,22,94,103,True,114.0,106.7,0.8571428571428571,5.0
58,2024,2025-01-08,20,28,112,98,False,114.3,119.4,0.8,2.0
74,2024,2025-01-10,20,21,101,126,False,113.1,106.0,0.75,2.0
81,2024,2025-01-12,20,17,140,106,True,114.5,114.8,0.7647058823529411,2.0
91,2024,2025-01-13,20,9,119,124,False,114.2,117.9,0.7222222222222222,1.0
120,2024,2025-01-17,20,18,99,116,True,111.6,110.6,0.7368421052631579,4.0
144,2024,2025-01-20,20,1,119,110,True,111.7,121.6,0.75,3.0
182,2024,2025-01-25,20,26,143,120,True,115.1,121.2,0.75,5.0
194,2024,2025-01-27,20,15,143,106,True,118.9,118.2,0.75,2.0
210,2024,2025-01-29,20,8,122,112,True,119.2,117.8,0.75,2.0
234,2024,2025-02-01,20,14,112,128,False,121.0,118.3,0.75,3.0
244,2024,2025-02-03,20,11,124,118,True,122.2,115.4,0.75,2.0
290,2024,2025-02-08,20,2,104,131,False,122.5,108.9,0.7,5.0
315,2024,2025-02-12,20,1,149,148,True,123.4,123.3,0.7,4.0
336,2024,2025-02-20,20,5,113,111,True,122.8,119.3,0.7,8.0
382,2024,2025-02-26,20,23,110,105,True,123.9,125.5,0.7,6.0
429,2024,2025-03-04,20,10,102,114,False,122.2,112.2,0.65,6.0
529,2024,2025-03-17,20,16,116,95,False,119.5,115.8,0.6,13.0
571,2024,2025-03-22,20,30,122,103,True,117.4,113.1,0.65,5.0
593,2024,2025-03-25,20,7,128,113,True,118.0,126.1,0.65,3.0
601,2024,2025-03-26,20,13,113,126,False,118.1,110.5,0.6,1.0
627,2024,2025-03-30,20,25,110,93,False,116.7,114.0,0.6,4.0
643,2024,2025-04-01,20,23,105,91,False,116.8,122.1,0.6,2.0
686,2024,2025-04-06,20,24,112,98,False,113.1,120.8,0.55,5.0
697,2024,2025-04-08,20,2,117,119,False,113.5,109.3,0.55,2.0
721,2024,2025-04-11,20,6,102,108,False,112.7,112.2,0.5,3.0
846,2023,2024-01-13,21,22,112,100,True,126.0,107.2,,2.0
915,2023,2024-01-23,21,25,111,109,True,122.25,112.5,,10.0
962,2023,2024-01-29,21,18,101,107,False,118.0,108.6,0.8,6.0
979,2023,2024-01-31,21,8,105,100,True,115.83333333333333,117.2,0.8333333333333334,2.0
993,2023,2024-02-02,21,4,126,106,True,117.28571428571429,116.1,0.8571428571428571,2.0
12,2024,2025-01-02,21,13,116,98,False,117.125,111.5,0.75,335.0
19,2024,2025-01-03,21,20,117,107,True,117.11111111111111,108.8,0.7777777777777778,1.0
33,2024,2025-01-05,21,2,105,92,False,115.9,110.5,0.7,2.0
116,2024,2025-01-16,21,6,134,114,True,116.6,114.2,0.7272727272727273,11.0
137,2024,2025-01-19,21,3,127,101,True,115.4,114.4,0.75,3.0
159,2024,2025-01-22,21,29,123,114,True,116.5,123.2,0.7692307692307693,3.0
165,2024,2025-01-23,21,7,115,121,False,116.9,124.1,0.7142857142857143,1.0
233,2024,2025-02-01,21,26,144,110,True,121.2,124.5,0.7333333333333333,9.0
247,2024,2025-02-03,21,17,125,96,False,123.2,116.1,0.6875,2.0
268,2024,2025-02-05,21,24,140,109,True,124.6,121.0,0.7058823529411765,2.0
281,2024,2025-02-07,21,28,121,109,True,125.1,119.8,0.7222222222222222,2.0
303,2024,2025-02-10,21,19,137,101,True,127.1,128.7,0.7368421052631579,3.0
320,2024,2025-02-12,21,16,115,101,True,128.1,115.2,0.75,2.0
370,2024,2025-02-24,21,18,128,131,False,127.5,109.5,0.7,12.0
423,2024,2025-03-03,21,11,137,128,True,128.5,118.7,0.7,7.0
453,2024,2025-03-07,21,25,107,89,False,126.9,111.8,0.65,4.0
465,2024,2025-03-09,21,8,127,103,True,128.1,118.8,0.65,2.0
481,2024,2025-03-10,21,8,127,140,False,126.4,120.6,0.65,1.0
547,2024,2025-03-19,21,23,133,100,True,127.2,121.0,0.65,9.0
562,2024,2025-03-21,21,4,141,106,True,127.3,117.9,0.65,2.0
609,2024,2025-03-27,21,15,125,104,True,127.7,117.9,0.7,6.0
624,2024,2025-03-29,21,12,132,111,True,127.2,118.6,0.7,2.0
639,2024,2025-03-31,21,5,145,117,True,130.2,122.1,0.75,2.0
656,2024,2025-04-02,21,9,119,103,True,129.3,118.3,0.75,2.0
681,2024,2025-04-06,21,14,99,126,True,125.5,114.7,0.75,4.0
699,2024,2025-04-08,21,14,136,120,True,128.4,116.4,0.75,2.0
884,2023,2024-01-19,22,23,109,124,False,106.0,118.5,,10.0
899,2023,2024-01-21,22,16,105,87,True,105.75,114.8,,2.0
905,2023,2024-01-22,22,6,99,126,False,104.4,110.9,0.4,1.0
953,2023,2024-01-28,22,24,113,98,True,105.83333333333333,121.4,0.5,6.0
36,2024,2025-01-05,22,29,92,105,True,103.85714285714286,122.4,0.5714285714285714,343.0
65,2024,2025-01-09,22,18,89,104,True,102.0,105.7,0.625,4.0
71,2024,2025-01-10,22,17,106,109,False,102.44444444444444,116.7,0.5555555555555556,1.0
86,2024,2025-01-12,22,23,104,99,False,102.6,117.4,0.5,2.0
135,2024,2025-01-19,22,8,100,113,False,100.9,119.0,0.45454545454545453,7.0
163,2024,2025-01-23,22,25,79,101,True,99.6,109.0,0.5,4.0
179,2024,2025-01-25,22,9,121,113,True,100.8,116.8,0.5384615384615384,2.0
285,2024,2025-02-08,22,27,112,111,True,101.5,121.2,0.5714285714285714,14.0
298,2024,2025-02-10,22,1,106,112,False,102.2,120.6,0.5333333333333333,2.0
312,2024,2025-02-12,22,4,102,86,False,101.1,118.4,0.5,2.0
342,2024,2025-02-21,22,15,104,105,False,102.3,115.5,0.47058823529411764,9.0
359,2024,2025-02-23,22,30,110,90,False,104.4,112.9,0.4444444444444444,2.0
374,2024,2025-02-25,22,6,82,122,True,102.0,109.0,0.47368421052631576,2.0
389,2024,2025-02-27,22,10,115,121,False,103.1,112.1,0.45,2.0
414,2024,2025-03-02,22,28,102,104,False,103.3,116.5,0.4,3.0
427,2024,2025-03-04,22,28,113,114,False,106.7,118.4,0.4,2.0
443,2024,2025-03-06,22,5,123,125,False,106.9,121.5,0.4,2.0
544,2024,2025-03-19,22,11,108,116,False,106.5,115.5,0.35,13.0
583,2024,2025-03-24,22,14,118,106,True,107.7,116.3,0.4,5.0
605,2024,2025-03-27,22,7,92,101,True,106.7,120.6,0.4,3.0
619,2024,2025-03-29,22,26,121,91,False,108.4,125.5,0.35,2.0
636,2024,2025-03-31,22,13,87,96,False,106.1,109.4,0.3,2.0
695,2024,2025-04-08,22,1,119,112,True,109.8,119.5,0.35,8.0
702,2024,2025-04-09,22,2,96,76,True,107.9,109.1,0.4,1.0
747,2024,2025-04-15,22,1,120,95,False,109.7,120.7,0.4,6.0
795,2023,2024-01-06,23,29,109,120,False,103.66666666666667,121.7,,1.0
832,2023,2024-01-12,23,26,112,93,True,105.75,127.3,,6.0
855,2023,2024-01-15,23,11,124,115,True,109.4,116.4,0.6,3.0
866,2023,2024-01-16,23,8,126,121,True,112.16666666666667,119.6,0.6666666666666666,1.0
906,2023,2024-01-22,23,27,133,123,True,115.14285714285714,122.0,0.7142857142857143,6.0
996,2023,2024-02-03,23,3,121,136,False,115.875,116.0,0.625,12.0
40,2024,2025-01-06,23,24,99,109,True,114.0,120.6,0.6666666666666666,338.0
57,2024,2025-01-08,23,30,109,103,True,113.5,113.4,0.7,2.0
72,2024,2025-01-10,23,19,115,123,False,114.0,126.6,0.6363636363636364,2.0
97,2024,2025-01-14,23,21,102,118,False,115.0,105.0,0.5833333333333334,4.0
103,2024,2025-01-15,23,20,119,125,False,116.0,108.7,0.5384615384615384,1.0
172,2024,2025-01-24,23,6,132,129,True,118.0,109.8,0.5714285714285714,9.0
202,2024,2025-01-28,23,14,118,104,True,117.4,115.4,0.6,4.0
211,2024,2025-01-29,23,26,117,104,True,116.5,127.5,0.625,1.0
223,2024,2025-01-31,23,8,134,137,False,116.6,121.7,0.5882352941176471,2.0
240,2024,2025-02-02,23,2,110,118,False,115.5,111.6,0.5555555555555556,2.0
252,2024,2025-02-04,23,7,118,116,True,117.4,121.7,0.5789473684210527,2.0
263,2024,2025-02-05,23,16,101,108,False,116.6,115.3,0.55,1.0
307,2024,2025-02-11,23,28,103,106,False,115.4,117.6,0.5,6.0
333,2024,2025-02-20,23,2,104,124,False,115.6,112.9,0.5,9.0
351,2024,2025-02-22,23,3,103,105,False,114.0,115.5,0.5,2.0
367,2024,2025-02-24,23,5,110,142,False,111.8,120.9,0.45,2.0
408,2024,2025-03-01,23,10,126,119,True,112.6,113.1,0.45,5.0
420,2024,2025-03-03,23,25,102,119,False,111.1,109.0,0.4,2.0
468,2024,2025-03-09,23,29,126,122,True,110.3,121.5,0.4,6.0
504,2024,2025-03-14,23,12,100,112,False,109.3,118.6,0.4,5.0
598,2024,2025-03-26,23,30,114,119,False,108.9,113.8,0.35,12.0
621,2024,2025-03-29,23,16,95,118,True,108.3,113.1,0.35,3.0
632,2024,2025-03-30,23,28,109,127,False,108.9,115.9,0.35,1.0
659,2024,2025-04-03,23,17,113,126,False,109.8,113.8,0.35,4.0
676,2024,2025-04-05,23,18,109,114,False,110.4,104.1,0.35,2.0
719,2024,2025-04-11,23,1,110,124,False,110.4,118.6,0.3,6.0
737,2024,2025-04-13,23,5,102,122,False,108.0,117.0,0.25,2.0
789,2023,2024-01-05,24,16,113,97,True,114.66666666666667,111.9,,2.0
803,2023,2024-01-07,24,15,115,121,False,114.75,115.7,,2.0
867,2023,2024-01-16,24,26,119,117,True,115.6,125.1,0.6,9.0
902,2023,2024-01-21,24,12,117,110,True,115.83333333333333,119.1,0.6666666666666666,5.0
910,2023,2024-01-22,24,5,115,113,True,115.71428571428571,117.0,0.7142857142857143,1.0
68,2024,2025-01-09,24,1,123,115,True,116.625,118.7,0.75,353.0
77,2024,2025-01-11,24,29,114,106,True,116.33333333333333,121.3,0.7777777777777778,2.0
89,2024,2025-01-12,24,4,120,113,True,116.7,117.2,0.8,1.0
186,2024,2025-01-25,24,30,119,109,True,117.7,114.6,0.8181818181818182,13.0
200,2024,2025-01-27,24,13,111,109,True,116.6,110.4,0.8333333333333334,2.0
214,2024,2025-01-29,24,18,113,121,False,116.6,105.0,0.7692307692307693,2.0
282,2024,2025-02-07,24,29,135,127,True,118.6,119.5,0.7857142857142857,9.0
291,2024,2025-02-08,24,8,105,122,False,117.2,120.1,0.7333333333333333,1.0
310,2024,2025-02-11,24,15,112,119,False,116.7,117.3,0.6875,3.0
392,2024,2025-02-27,24,19,116,124,False,116.8,125.8,0.6470588235294118,16.0
401,2024,2025-02-28,24,19,125,108,True,117.0,124.4,0.6666666666666666,1.0
417,2024,2025-03-02,24,18,98,116,True,115.4,103.8,0.6842105263157895,2.0
433,2024,2025-03-04,24,13,119,117,True,115.3,110.7,0.7,2.0
512,2024,2025-03-14,24,26,122,106,True,115.6,124.3,0.7,10.0
535,2024,2025-03-17,24,28,129,89,False,117.4,115.6,0.7,3.0
551,2024,2025-03-19,24,5,127,121,True,118.8,118.8,0.7,2.0
566,2024,2025-03-21,24,6,123,112,True,117.6,111.5,0.75,2.0
588,2024,2025-03-24,24,17,108,106,True,117.9,113.1,0.75,3.0
603,2024,2025-03-26,24,2,102,132,False,116.9,109.6,0.7,2.0
633,2024,2025-03-30,24,11,109,148,False,116.2,115.3,0.65,4.0
700,2024,2025-04-08,24,10,95,133,True,113.2,112.5,0.65,9.0
709,2024,2025-04-09,24,21,112,125,False,114.6,105.9,0.6,1.0
728,2024,2025-04-11,24,27,117,98,False,114.4,123.1,0.55,2.0
888,2023,2024-01-19,25,12,118,115,True,113.0,118.5,,2.0
954,2023,2024-01-28,25,5,96,104,False,108.75,115.7,,9.0
966,2023,2024-01-29,25,23,130,104,True,113.0,118.7,0.6,1.0
981,2023,2024-01-31,25,17,119,116,True,114.0,112.3,0.6666666666666666,2.0
80,2024,2025-01-11,25,16,98,119,True,111.71428571428571,109.2,0.7142857142857143,346.0
102,2024,2025-01-14,25,3,114,132,False,112.0,112.3,0.625,3.0
117,2024,2025-01-16,25,13,89,118,True,109.44444444444444,108.7,0.6666666666666666,2.0
133,2024,2025-01-18,25,11,103,125,False,108.8,113.6,0.6,2.0
139,2024,2025-01-19,25,5,113,102,True,108.5,115.4,0.6363636363636364,1.0
188,2024,2025-01-26,25,21,108,118,False,108.8,104.7,0.5833333333333334,7.0
204,2024,2025-01-28,25,17,125,112,True,109.5,115.9,0.6153846153846154,2.0
220,2024,2025-01-30,25,22,119,90,False,111.8,109.2,0.5714285714285714,2.0
236,2024,2025-02-01,25,24,127,108,True,111.5,117.8,0.6,2.0
251,2024,2025-02-03,25,24,121,119,True,111.7,119.4,0.625,2.0
258,2024,2025-02-04,25,12,112,89,False,113.1,118.2,0.5882352941176471,1.0
274,2024,2025-02-06,25,26,108,102,True,112.5,123.7,0.6111111111111112,2.0
340,2024,2025-02-20,25,14,102,110,False,113.8,114.0,0.5789473684210527,14.0
354,2024,2025-02-22,25,4,141,88,False,117.6,120.9,0.55,2.0
471,2024,2025-03-09,25,9,112,119,False,117.5,118.4,0.55,15.0
497,2024,2025-03-12,25,20,113,114,False,118.0,108.5,0.5,3.0
525,2024,2025-03-16,25,28,105,102,True,116.0,115.0,0.5,4.0
537,2024,2025-03-17,25,30,112,97,False,115.3,115.2,0.5,1.0
552,2024,2025-03-19,25,15,115,99,False,114.1,118.0,0.45,2.0
567,2024,2025-03-21,25,8,128,109,True,114.8,119.6,0.45,2.0
579,2024,2025-03-23,25,2,116,129,False,115.2,109.7,0.4,2.0
596,2024,2025-03-25,25,6,111,122,False,115.5,110.0,0.4,2.0
685,2024,2025-04-06,25,27,120,109,True,117.3,122.3,0.4,12.0
729,2024,2025-04-11,25,10,86,103,True,111.8,108.6,0.45,5.0
745,2024,2025-04-13,25,14,109,81,False,111.5,115.2,0.4,2.0
792,2023,2024-01-05,26,28,135,130,True,125.66666666666667,115.5,,2.0
800,2023,2024-01-07,26,19,100,133,False,119.25,122.5,,2.0
882,2023,2024-01-18,26,12,121,126,False,119.6,117.8,0.4,11.0
911,2023,2024-01-22,26,1,122,107,True,120.0,118.5,0.5,4.0
8,2024,2025-01-01,26,23,113,107,True,119.0,117.7,0.5714285714285714,345.0
22,2024,2025-01-03,26,15,138,133,True,121.375,119.9,0.625,2.0
47,2024,2025-01-06,26,16,123,118,True,121.55555555555556,109.5,0.6666666666666666,3.0
118,2024,2025-01-16,26,11,132,127,True,122.6,117.0,0.7,10.0
140,2024,2025-01-19,26,30,123,100,True,124.5,115.7,0.7272727272727273,3.0
160,2024,2025-01-22,26,10,123,117,True,123.0,109.7,0.75,3.0
269,2024,2025-02-05,26,22,111,130,False,120.6,109.4,0.6923076923076923,14.0
292,2024,2025-02-08,26,19,123,118,True,122.9,120.7,0.7142857142857143,3.0
349,2024,2025-02-21,26,10,108,132,False,121.6,107.6,0.6666666666666666,13.0
372,2024,2025-02-24,26,4,130,88,False,122.4,121.9,0.625,3.0
455,2024,2025-03-07,26,27,127,109,True,123.8,122.2,0.6470588235294118,11.0
484,2024,2025-03-10,26,20,104,133,False,120.4,108.4,0.6111111111111112,3.0
536,2024,2025-03-17,26,15,132,122,True,121.3,121.3,0.631578947368421,7.0
553,2024,2025-03-19,26,6,123,119,True,120.4,112.3,0.65,2.0
557,2024,2025-03-20,26,5,116,128,False,119.7,115.7,0.65,1.0
572,2024,2025-03-22,26,17,108,114,False,118.2,115.2,0.6,2.0
589,2024,2025-03-24,26,2,95,113,True,116.6,107.6,0.6,2.0
597,2024,2025-03-25,26,21,105,121,False,114.8,104.7,0.6,1.0
611,2024,2025-03-27,26,25,128,107,True,116.8,109.7,0.65,2.0
710,2024,2025-04-09,26,8,116,124,False,115.4,119.0,0.6,13.0
730,2024,2025-04-11,26,13,100,101,False,112.7,107.9,0.55,2.0
746,2024,2025-04-13,26,24,109,98,False,113.2,117.0,0.5,2.0
750,2024,2025-04-16,26,7,106,120,False,110.6,120.4,0.45,3.0
848,2023,2024-01-13,27,5,116,122,False,124.0,112.8,,1.0
923,2023,2024-01-24,27,21,114,140,False,121.5,106.4,,11.0
939,2023,2024-01-26,27,25,116,100,True,120.4,111.3,0.4,2.0
947,2023,2024-01-27,27,18,113,112,True,119.16666666666667,105.4,0.5,1.0
963,2023,2024-01-29,27,30,113,118,False,118.28571428571429,116.7,0.42857142857142855,2.0
978,2023,2024-01-31,27,22,98,108,False,115.75,108.3,0.375,2.0
994,2023,2024-02-02,27,19,113,114,False,115.44444444444444,118.4,0.3333333333333333,2.0
30,2024,2025-01-04,27,8,111,122,False,115.0,117.9,0.3,337.0
108,2024,2025-01-15,27,15,115,129,False,114.4,120.3,0.2727272727272727,11.0
126,2024,2025-01-17,27,15,112,140,False,112.1,121.1,0.25,2.0
174,2024,2025-01-25,27,12,98,136,True,110.3,116.3,0.3076923076923077,8.0
213,2024,2025-01-29,27,13,116,128,False,110.5,110.0,0.2857142857142857,4.0
226,2024,2025-01-31,27,17,144,118,True,113.3,120.9,0.3333333333333333,2.0
235,2024,2025-02-01,27,16,103,105,False,112.3,109.4,0.3125,1.0
339,2024,2025-02-20,27,24,120,109,True,113.0,116.6,0.35294117647058826,19.0
345,2024,2025-02-21,27,9,110,125,False,114.2,116.1,0.3333333333333333,1.0
415,2024,2025-03-02,27,21,132,146,False,116.1,108.0,0.3157894736842105,9.0
432,2024,2025-03-04,27,3,127,113,True,117.7,113.8,0.35,2.0
482,2024,2025-03-10,27,7,129,133,False,119.1,120.1,0.35,6.0
495,2024,2025-03-12,27,7,126,116,True,120.5,119.0,0.35,2.0
509,2024,2025-03-14,27,4,134,145,False,124.1,123.1,0.35,2.0
518,2024,2025-03-15,27,19,119,115,True,124.4,119.7,0.4,1.0
548,2024,2025-03-19,27,20,120,105,True,122.0,109.1,0.4,4.0
563,2024,2025-03-21,27,23,128,120,True,124.5,117.0,0.4,2.0
625,2024,2025-03-29,27,2,111,121,False,123.6,108.3,0.4,8.0
631,2024,2025-03-30,27,10,106,148,False,123.2,107.1,0.4,1.0
645,2024,2025-04-01,27,22,105,116,False,120.5,108.2,0.4,2.0
670,2024,2025-04-04,27,6,113,114,False,119.1,113.6,0.4,3.0
743,2024,2025-04-13,27,28,125,118,True,118.7,115.4,0.45,9.0
874,2023,2024-01-17,28,16,121,97,True,113.66666666666667,109.0,,2.0
879,2023,2024-01-18,28,5,110,116,False,112.75,111.5,,1.0
907,2023,2024-01-22,28,15,100,108,False,110.2,116.8,0.4,4.0
935,2023,2024-01-26,28,13,107,127,False,109.66666666666667,108.0,0.3333333333333333,4.0
5,2024,2025-01-01,28,3,130,113,True,112.57142857142857,116.6,0.42857142857142855,341.0
16,2024,2025-01-03,28,22,97,106,True,110.625,106.1,0.5,2.0
43,2024,2025-01-06,28,17,104,128,False,109.88888888888889,117.3,0.4444444444444444,3.0
92,2024,2025-01-13,28,10,104,101,True,109.3,106.0,0.5,7.0
104,2024,2025-01-15,28,2,110,97,False,107.9,104.5,0.45454545454545453,2.0
151,2024,2025-01-21,28,22,109,93,False,109.2,107.7,0.4166666666666667,6.0
195,2024,2025-01-27,28,19,113,104,True,108.4,119.5,0.46153846153846156,6.0
224,2024,2025-01-31,28,5,106,122,False,108.0,111.1,0.42857142857142855,4.0
239,2024,2025-02-02,28,13,115,108,True,109.5,108.2,0.4666666666666667,2.0
255,2024,2025-02-04,28,20,115,121,False,110.3,111.2,0.4375,2.0
264,2024,2025-02-05,28,15,107,138,False,108.0,115.0,0.4117647058823529,1.0
316,2024,2025-02-12,28,6,108,131,False,109.1,114.9,0.3888888888888889,7.0
344,2024,2025-02-21,28,16,111,120,False,109.8,108.5,0.3684210526315789,9.0
360,2024,2025-02-23,28,24,127,109,True,112.1,118.4,0.4,2.0
373,2024,2025-02-25,28,2,101,111,False,111.2,104.1,0.35,2.0
450,2024,2025-03-07,28,29,118,109,True,112.1,117.7,0.4,10.0
460,2024,2025-03-08,28,30,117,118,False,112.5,115.2,0.35,1.0
477,2024,2025-03-10,28,30,119,104,True,113.8,115.8,0.4,2.0
491,2024,2025-03-12,28,23,118,105,True,114.1,116.2,0.45,2.0
578,2024,2025-03-23,28,27,89,123,True,111.5,118.3,0.5,11.0
614,2024,2025-03-28,28,4,108,97,False,111.6,124.1,0.45,5.0
662,2024,2025-04-03,28,25,103,112,False,111.1,110.4,0.4,6.0
667,2024,2025-04-04,28,9,105,117,False,110.5,114.3,0.4,1.0
704,2024,2025-04-09,28,4,126,96,False,110.4,124.1,0.35,5.0
825,2023,2024-01-10,29,8,124,111,True,135.0,119.8,,7.0
840,2023,2024-01-12,29,28,145,113,True,137.5,118.7,,2.0
849,2023,2024-01-13,29,14,132,125,True,136.4,115.7,1.0,1.0
864,2023,2024-01-15,29,12,132,105,True,135.66666666666666,116.9,1.0,2.0
880,2023,2024-01-18,29,21,129,134,False,134.71428571428572,108.6,0.8571428571428571,3.0
985,2023,2024-02-01,29,23,124,127,False,133.375,117.4,0.75,14.0
52,2024,2025-01-07,29,1,121,124,False,132.0,120.6,0.6666666666666666,341.0
69,2024,2025-01-09,29,16,92,97,False,128.0,106.2,0.6,2.0
88,2024,2025-01-12,29,3,112,111,True,126.5,116.8,0.6363636363636364,3.0
110,2024,2025-01-15,29,4,112,117,False,122.3,121.2,0.5833333333333334,3.0
199,2024,2025-01-27,29,17,110,125,False,120.9,115.8,0.5384615384615384,12.0
218,2024,2025-01-30,29,18,113,138,False,117.7,105.5,0.5,3.0
229,2024,2025-02-01,29,22,113,99,False,115.8,109.6,0.4666666666666667,2.0
249,2024,2025-02-03,29,12,111,112,False,113.7,115.0,0.4375,2.0
266,2024,2025-02-05,29,10,131,128,True,113.9,109.6,0.47058823529411764,2.0
323,2024,2025-02-12,29,14,131,119,True,114.6,116.2,0.5,7.0
330,2024,2025-02-13,29,13,116,120,False,114.1,108.2,0.47368421052631576,1.0
348,2024,2025-02-21,29,21,107,130,False,115.6,111.0,0.45,8.0
353,2024,2025-02-22,29,11,124,115,True,116.8,116.7,0.45,1.0
371,2024,2025-02-24,29,25,112,114,False,116.8,110.6,0.4,2.0
387,2024,2025-02-26,29,26,101,118,False,115.9,122.7,0.35,2.0
402,2024,2025-02-28,29,18,117,116,True,116.3,107.3,0.35,2.0
416,2024,2025-03-02,29,19,121,128,False,117.1,118.2,0.3,2.0
425,2024,2025-03-03,29,9,106,134,False,116.6,115.0,0.25,1.0
511,2024,2025-03-14,29,28,118,126,False,115.3,118.4,0.25,11.0
533,2024,2025-03-17,29,5,97,111,True,111.9,109.8,0.3,3.0
549,2024,2025-03-19,29,30,128,112,True,113.1,116.4,0.35,2.0
565,2024,2025-03-21,29,2,99,121,True,112.3,104.4,0.4,2.0
575,2024,2025-03-23,29,6,91,120,True,109.0,110.6,0.4,2.0
595,2024,2025-03-25,29,15,103,140,False,108.1,114.9,0.4,2.0
610,2024,2025-03-27,29,11,110,121,False,109.0,118.0,0.4,2.0
707,2024,2025-04-09,29,25,133,126,True,110.6,110.0,0.45,13.0
727,2024,2025-04-11,29,21,111,145,False,109.6,112.1,0.45,2.0
858,2023,2024-01-15,30,9,117,129,False,116.66666666666667,114.4,,7.0
892,2023,2024-01-20,30,27,127,131,False,119.25,118.9,,5.0
900,2023,2024-01-21,30,8,104,113,False,116.2,117.5,0.0,1.0
918,2023,2024-01-24,30,18,107,118,False,114.66666666666667,107.9,0.0,3.0
926,2023,2024-01-25,30,29,108,123,False,113.71428571428571,116.2,0.0,1.0
974,2023,2024-01-31,30,13,109,125,False,113.125,110.4,0.0,6.0
987,2023,2024-02-02,30,16,102,110,False,111.88888888888889,105.9,0.0,2.0
2,2024,2025-01-01,30,5,125,107,True,113.2,112.1,0.1,334.0
35,2024,2025-01-05,30,19,98,110,True,112.5,114.3,0.18181818181818182,4.0
49,2024,2025-01-07,30,11,112,135,False,110.9,118.3,0.16666666666666666,2.0
87,2024,2025-01-12,30,21,95,136,True,108.7,114.1,0.23076923076923078,5.0
90,2024,2025-01-13,30,18,106,120,False,106.6,105.7,0.21428571428571427,1.0
115,2024,2025-01-16,30,24,123,130,False,108.5,119.5,0.2,3.0
207,2024,2025-01-29,30,28,82,106,True,106.0,116.4,0.25,13.0
216,2024,2025-01-30,30,14,96,134,True,104.8,115.3,0.29411764705882354,1.0
277,2024,2025-02-07,30,6,124,134,False,106.3,113.1,0.2777777777777778,8.0
286,2024,2025-02-08,30,1,111,125,False,107.2,119.8,0.2631578947368421,1.0
299,2024,2025-02-10,30,27,121,131,False,106.8,116.9,0.25,2.0
313,2024,2025-02-12,30,12,130,134,False,110.0,117.1,0.25,2.0
343,2024,2025-02-21,30,17,101,104,False,108.9,115.3,0.25,9.0
368,2024,2025-02-24,30,3,107,99,False,110.1,115.8,0.25,3.0
383,2024,2025-02-26,30,25,121,129,False,111.6,111.0,0.25,2.0
438,2024,2025-03-05,30,29,125,122,True,111.8,116.9,0.3,7.0
559,2024,2025-03-21,30,22,105,120,False,114.1,110.7,0.3,16.0
584,2024,2025-03-24,30,28,104,112,False,114.9,115.5,0.3,3.0
606,2024,2025-03-27,30,12,109,162,False,113.4,114.8,0.3,3.0
620,2024,2025-03-29,30,3,112,115,False,113.5,115.8,0.3,2.0
637,2024,2025-03-31,30,16,94,120,True,110.8,105.2,0.3,2.0
651,2024,2025-04-02,30,26,116,111,True,109.4,120.3,0.3,2.0
658,2024,2025-04-03,30,22,97,109,True,109.0,109.2,0.35,1.0
703,2024,2025-04-09,30,23,103,122,False,108.6,116.7,0.3,6.0
