id,season,date,home_team_id,away_team_id,home_score,away_score,home_win,season_type,home_avg_pts,away_avg_pts_allowed,home_win_pct,head_to_head_win_pct,head_to_head_avg_score_diff,home_rest_days
4887,2023,2023-11-10,2,3,121,107,True,,131.66666666666666,127.0,,,,9.0
4893,2023,2023-11-11,2,28,117,94,True,,128.0,121.33333333333333,,,,1.0
4903,2023,2023-11-13,2,20,114,98,True,,125.2,116.0,1.0,,,2.0
5027,2023,2023-12-08,2,20,133,123,True,,123.88888888888889,120.25,1.0,,,10.0
5045,2023,2023-12-12,2,6,120,113,True,,123.5,109.0,1.0,,,4.0
5055,2023,2023-12-14,2,6,116,107,True,,123.2,110.75,1.0,,,2.0
5062,2023,2023-12-15,2,22,128,111,True,,120.5,114.33333333333333,1.0,,,1.0
5074,2023,2023-12-17,2,22,114,97,True,,119.8,114.25,1.0,,,2.0
5132,2023,2023-12-28,2,9,128,122,True,,120.9,126.33333333333333,1.0,,,11.0
5141,2023,2023-12-29,2,28,120,118,True,,121.5,121.0,1.0,,,1.0
4327,2023,2024-01-30,2,12,129,124,True,,120.2,136.0,0.9090909090909091,,,3.0
4381,2023,2024-02-09,2,30,133,129,True,,120.8,120.66666666666667,0.8846153846153846,,,2.0
4409,2023,2024-02-14,2,3,136,86,True,,121.7,129.25,0.8888888888888888,,,5.0
4562,2023,2024-03-18,2,9,119,94,True,,125.2,124.5,0.9,,,15.0
4573,2023,2024-03-20,2,17,122,119,True,,127.8,118.0,0.9032258064516129,,,2.0
4701,2023,2024-04-11,2,20,109,118,False,,125.8,118.0,0.8823529411764706,,,6.0
4704,2023,2024-04-12,2,4,131,98,True,,126.4,125.66666666666667,0.8857142857142857,,,1.0
4714,2023,2024-04-14,2,30,132,122,True,,126.3,123.5,0.8888888888888888,,,2.0
4730,2023,2024-04-21,2,16,114,94,True,,124.1,113.25,0.8918918918918919,,,7.0
4737,2023,2024-04-24,2,16,101,111,False,,120.4,110.8,0.868421052631579,,,3.0
4751,2023,2024-05-01,2,16,118,84,True,,118.2,112.0,0.8717948717948718,0.6666666666666666,6.0,7.0
4760,2023,2024-05-07,2,6,120,95,True,,118.3,112.6,0.875,,,6.0
4763,2023,2024-05-09,2,6,94,118,False,,115.5,109.5,0.8536585365853658,1.0,13.666666666666666,2.0
4775,2023,2024-05-15,2,6,113,98,True,,113.3,110.0,0.8571428571428571,0.75,4.25,6.0
4782,2023,2024-05-21,2,12,133,128,True,,116.5,135.4,0.8604651162790697,,,6.0
4784,2023,2024-05-23,2,12,126,110,True,,118.2,133.83333333333334,0.8636363636363636,1.0,20.333333333333332,2.0
4791,2023,2024-06-06,2,7,107,89,True,,115.8,129.33333333333334,0.8666666666666667,,,14.0
4792,2023,2024-06-09,2,7,105,98,True,,113.1,123.25,0.8695652173913043,,,3.0
4795,2023,2024-06-17,2,7,106,88,True,,112.3,119.8,0.8723404255319149,1.0,17.666666666666668,8.0
4867,2023,2023-11-06,3,17,125,129,False,,117.33333333333333,119.75,,,,2.0
4876,2023,2023-11-08,3,13,100,93,True,,113.0,113.33333333333333,,,,2.0
4897,2023,2023-11-12,3,30,102,94,True,,110.8,119.2,0.4,,,4.0
4909,2023,2023-11-14,3,22,124,104,True,,113.0,116.2,0.5,,,2.0
4967,2023,2023-11-25,3,16,112,97,True,,112.85714285714286,112.0,0.5714285714285714,,,11.0
4974,2023,2023-11-26,3,5,118,109,True,,113.5,122.66666666666667,0.625,,,1.0
4980,2023,2023-11-28,3,28,115,103,True,,113.66666666666667,119.8,0.6666666666666666,,,2.0
4992,2023,2023-11-30,3,4,128,129,False,,115.1,126.25,0.6,,,2.0
5005,2023,2023-12-02,3,22,129,101,True,,116.7,118.33333333333333,0.6363636363636364,,,2.0
5026,2023,2023-12-08,3,30,124,97,True,,117.7,120.0,0.6666666666666666,,,6.0
5091,2023,2023-12-20,3,20,102,121,False,,115.4,115.33333333333333,0.6153846153846154,,,12.0
5103,2023,2023-12-22,3,8,117,122,False,,117.1,113.0,0.5714285714285714,,,2.0
5112,2023,2023-12-23,3,9,126,115,True,,119.5,124.8,0.6,,,1.0
5129,2023,2023-12-27,3,17,122,144,False,,119.3,120.2,0.5625,,,4.0
4188,2023,2024-01-05,3,21,124,115,True,,120.5,133.33333333333334,0.5882352941176471,,,9.0
4248,2023,2024-01-15,3,16,95,96,False,,118.2,109.875,0.5555555555555556,,,10.0
4287,2023,2024-01-23,3,20,103,108,False,,117.0,113.57142857142857,0.5263157894736842,,,8.0
4296,2023,2024-01-25,3,18,94,96,False,,113.6,116.0,0.5,,,2.0
4308,2023,2024-01-27,3,11,106,104,True,,111.3,124.33333333333333,0.5238095238095238,,,2.0
4319,2023,2024-01-29,3,29,147,114,True,,113.6,132.33333333333334,0.5454545454545454,,,2.0
4362,2023,2024-02-05,3,10,98,109,False,,113.2,126.33333333333333,0.5217391304347826,,,7.0
4364,2023,2024-02-06,3,7,107,119,False,,112.2,117.66666666666667,0.5,,,1.0
4376,2023,2024-02-08,3,6,95,118,False,,109.1,108.66666666666667,0.48,,,2.0
4387,2023,2024-02-10,3,27,123,103,True,,109.2,116.33333333333333,0.5,,,2.0
4403,2023,2024-02-13,3,2,110,118,False,,107.8,116.75,0.48148148148148145,,,3.0
4463,2023,2024-02-29,3,1,124,97,True,,110.7,120.66666666666667,0.5,,,16.0
4474,2023,2024-03-02,3,1,114,102,True,,111.8,119.0,0.5172413793103449,,,2.0
4483,2023,2024-03-04,3,15,102,106,False,,112.6,117.33333333333333,0.5,,,2.0
4622,2023,2024-03-29,3,5,125,108,True,,114.5,123.25,0.5161290322580645,,,25.0
4630,2023,2024-03-31,3,14,104,116,False,,110.2,115.66666666666667,0.5,,,2.0
4653,2023,2024-04-03,3,12,115,111,True,,111.9,131.14285714285714,0.5151515151515151,,,3.0
4670,2023,2024-04-06,3,9,113,103,True,,112.5,122.83333333333333,0.5294117647058824,,,3.0
4679,2023,2024-04-07,3,26,77,107,False,,110.7,96.0,0.5142857142857142,,,1.0
4695,2023,2024-04-10,3,28,106,102,True,,109.0,117.5,0.5277777777777778,,,3.0
4826,2023,2023-10-30,4,3,121,133,False,,112.0,127.6,,,,3.0
4874,2023,2023-11-08,4,30,116,132,False,,113.0,119.42857142857143,,,,9.0
4907,2023,2023-11-14,4,16,105,111,False,,111.4,109.33333333333333,0.2,,,6.0
4921,2023,2023-11-17,4,17,99,130,False,,109.33333333333333,116.66666666666667,0.16666666666666666,,,3.0
4928,2023,2023-11-18,4,20,108,122,False,,109.14285714285714,112.875,0.14285714285714285,,,1.0
4939,2023,2023-11-20,4,2,121,118,True,,110.625,117.6,0.25,,,2.0
4949,2023,2023-11-22,4,30,117,114,True,,111.33333333333333,119.125,0.3333333333333333,,,2.0
5004,2023,2023-12-02,4,18,117,123,False,,111.9,116.25,0.3,,,10.0
5024,2023,2023-12-08,4,28,119,116,True,,112.2,117.71428571428571,0.36363636363636365,,,6.0
5035,2023,2023-12-11,4,16,114,116,False,,113.7,109.8,0.3333333333333333,,,3.0
5109,2023,2023-12-23,4,8,95,102,False,,111.1,108.5,0.3076923076923077,,,12.0
4205,2023,2024-01-08,4,5,112,119,False,,110.7,121.0,0.2857142857142857,,,16.0
4215,2023,2024-01-10,4,26,98,123,False,,110.0,96.5,0.26666666666666666,,,2.0
4265,2023,2024-01-19,4,27,124,120,True,,112.5,118.25,0.3125,,,9.0
4302,2023,2024-01-26,4,11,104,138,False,,112.1,119.25,0.29411764705882354,,,7.0
4310,2023,2024-01-27,4,29,122,134,False,,112.2,129.75,0.2777777777777778,,,1.0
4317,2023,2024-01-29,4,20,92,113,False,,109.7,110.55555555555556,0.2631578947368421,,,2.0
4330,2023,2024-01-31,4,5,110,117,False,,109.0,119.16666666666667,0.25,,,2.0
4354,2023,2024-02-04,4,12,99,115,False,,107.0,127.125,0.23809523809523808,,,4.0
4359,2023,2024-02-05,4,14,118,124,False,,107.4,116.25,0.22727272727272727,,,1.0
4369,2023,2024-02-07,4,28,117,123,False,,109.6,117.625,0.21739130434782608,,,2.0
4388,2023,2024-02-10,4,15,115,106,True,,109.9,116.75,0.25,,,3.0
4395,2023,2024-02-12,4,12,111,102,True,,111.2,125.33333333333333,0.28,,,2.0
4407,2023,2024-02-14,4,1,122,99,True,,111.0,119.0,0.3076923076923077,,,2.0
4461,2023,2024-02-29,4,17,99,111,False,,110.5,114.14285714285714,0.2962962962962963,,,15.0
4488,2023,2024-03-05,4,22,89,101,False,,107.2,114.14285714285714,0.2857142857142857,,,5.0
4513,2023,2024-03-09,4,3,110,99,True,,109.0,124.66666666666667,0.3103448275862069,,,4.0
4608,2023,2024-03-27,4,6,118,111,True,,109.8,109.6,0.3333333333333333,,,18.0
4618,2023,2024-03-29,4,10,97,115,False,,109.6,119.0,0.3225806451612903,,,2.0
4631,2023,2024-03-31,4,13,118,130,False,,109.6,114.5,0.3125,,,2.0
4638,2023,2024-04-01,4,2,104,118,False,,108.3,115.33333333333333,0.30303030303030304,,,1.0
4660,2023,2024-04-05,4,22,124,115,True,,109.2,115.375,0.3235294117647059,,,4.0
4675,2023,2024-04-07,4,21,118,121,False,,109.9,129.5,0.3142857142857143,,,2.0
4682,2023,2024-04-09,4,7,104,130,False,,108.1,115.71428571428571,0.3055555555555556,,,2.0
4852,2023,2023-11-03,5,3,107,109,False,,105.0,122.14285714285714,,,,7.0
4870,2023,2023-11-06,5,29,130,113,True,,111.25,129.8,,,,3.0
4899,2023,2023-11-12,5,9,119,108,True,,112.8,119.375,0.6,,,6.0
4917,2023,2023-11-15,5,22,94,96,False,,109.66666666666667,113.0,0.5,,,3.0
4926,2023,2023-11-17,5,22,97,103,False,,107.85714285714286,111.4,0.42857142857142855,,,2.0
4929,2023,2023-11-18,5,16,102,97,True,,107.125,109.1,0.5,,,1.0
4942,2023,2023-11-20,5,16,100,118,False,,106.33333333333333,108.0,0.4444444444444444,,,2.0
4995,2023,2023-11-30,5,17,120,113,True,,107.7,114.875,0.5,,,10.0
5019,2023,2023-12-06,5,4,111,100,True,,108.4,123.2,0.5454545454545454,,,6.0
5047,2023,2023-12-12,5,8,106,114,False,,108.6,108.0,0.5,,,6.0
5093,2023,2023-12-20,5,14,124,108,True,,110.3,117.8,0.5384615384615384,,,8.0
5098,2023,2023-12-21,5,27,114,95,True,,108.7,117.4,0.5714285714285714,,,1.0
5114,2023,2023-12-23,5,6,95,109,False,,106.3,109.6,0.5333333333333333,,,2.0
5123,2023,2023-12-26,5,1,118,113,True,,108.7,118.85714285714286,0.5625,,,3.0
5133,2023,2023-12-28,5,12,104,120,False,,109.4,123.2,0.5294117647058824,,,2.0
4190,2023,2024-01-05,5,4,104,91,True,,109.6,120.0,0.5555555555555556,,,8.0
4219,2023,2024-01-10,5,11,124,119,True,,112.0,120.2,0.5789473684210527,,,5.0
4228,2023,2024-01-12,5,10,131,140,False,,113.1,121.4,0.55,,,2.0
4273,2023,2024-01-20,5,15,125,96,True,,114.5,118.4,0.5714285714285714,,,8.0
4329,2023,2024-01-30,5,28,107,118,False,,114.6,115.2,0.5454545454545454,,,10.0
4348,2023,2024-02-03,5,26,115,123,False,,113.7,100.2,0.5217391304347826,,,4.0
4367,2023,2024-02-06,5,18,129,123,True,,115.2,118.8,0.5416666666666666,,,3.0
4422,2023,2024-02-22,5,2,112,129,False,,116.9,114.85714285714286,0.52,,,16.0
4453,2023,2024-02-27,5,9,95,105,False,,114.6,116.66666666666667,0.5,,,5.0
4458,2023,2024-02-28,5,6,132,123,True,,117.4,111.6,0.5185185185185185,,,1.0
4472,2023,2024-03-01,5,17,97,113,False,,116.7,112.88888888888889,0.5,,,2.0
4525,2023,2024-03-11,5,7,92,127,False,,113.5,112.75,0.4827586206896552,,,10.0
4541,2023,2024-03-14,5,13,111,126,False,,111.5,113.8,0.4666666666666667,,,3.0
4550,2023,2024-03-16,5,30,127,98,True,,111.7,120.0,0.4838709677419355,,,2.0
4591,2023,2024-03-23,5,2,113,124,False,,112.3,114.625,0.46875,,,7.0
4601,2023,2024-03-25,5,30,105,107,False,,111.3,118.5,0.45454545454545453,,,2.0
4612,2023,2024-03-27,5,12,125,99,True,,110.9,120.5,0.47058823529411764,,,2.0
4641,2023,2024-04-01,5,1,101,113,False,,109.8,116.625,0.45714285714285713,,,5.0
4663,2023,2024-04-05,5,20,108,100,True,,111.1,110.3,0.4722222222222222,,,4.0
4686,2023,2024-04-09,5,20,117,128,False,,109.6,110.0,0.4594594594594595,,,4.0
4726,2023,2024-04-17,5,1,131,116,True,,113.0,118.22222222222223,0.47368421052631576,,,8.0
4835,2023,2023-10-31,6,20,91,109,False,,103.0,107.7,,,,3.0
4862,2023,2023-11-05,6,10,115,104,True,,106.0,120.33333333333333,,,,5.0
4923,2023,2023-11-17,6,9,108,100,True,,106.4,115.8,0.4,,,12.0
4935,2023,2023-11-19,6,8,121,109,True,,108.83333333333333,110.16666666666667,0.5,,,2.0
4953,2023,2023-11-22,6,16,96,129,False,,107.0,105.7,0.42857142857142855,,,3.0
4969,2023,2023-11-25,6,14,115,121,False,,108.0,117.33333333333333,0.375,,,3.0
4975,2023,2023-11-26,6,28,105,102,True,,107.66666666666667,113.1,0.4444444444444444,,,1.0
4981,2023,2023-11-28,6,1,128,105,True,,109.7,119.2,0.5,,,2.0
5014,2023,2023-12-06,6,22,121,111,True,,111.3,112.9,0.5454545454545454,,,8.0
5067,2023,2023-12-16,6,1,127,119,True,,112.7,120.6,0.5833333333333334,,,10.0
5076,2023,2023-12-18,6,11,135,130,True,,117.1,122.66666666666667,0.6153846153846154,,,2.0
5088,2023,2023-12-20,6,29,124,116,True,,118.0,128.83333333333334,0.6428571428571429,,,2.0
5142,2023,2023-12-29,6,17,111,119,False,,118.3,112.7,0.6,,,9.0
4175,2023,2024-01-03,6,30,140,101,True,,120.2,119.5,0.625,,,5.0
4189,2023,2024-01-05,6,30,114,90,True,,122.0,121.0,0.6470588235294118,,,2.0
4199,2023,2024-01-07,6,27,117,115,True,,122.2,117.33333333333333,0.6666666666666666,,,2.0
4222,2023,2024-01-11,6,3,111,102,True,,122.8,120.75,0.6842105263157895,,,4.0
4247,2023,2024-01-15,6,5,109,91,True,,120.9,117.71428571428571,0.7,,,4.0
4256,2023,2024-01-17,6,17,135,95,True,,122.3,114.9,0.7142857142857143,,,2.0
4318,2023,2024-01-29,6,13,118,108,True,,121.4,114.5,0.7272727272727273,,,12.0
4331,2023,2024-01-31,6,9,128,121,True,,120.7,115.6,0.7391304347826086,,,2.0
4360,2023,2024-02-05,6,26,136,110,True,,121.9,106.16666666666667,0.75,,,5.0
4410,2023,2024-02-14,6,5,108,105,True,,121.6,116.5,0.76,,,9.0
4419,2023,2024-02-22,6,22,109,116,False,,118.5,112.9,0.7307692307692307,,,8.0
4448,2023,2024-02-27,6,7,121,119,True,,119.2,113.66666666666667,0.7407407407407407,,,5.0
4481,2023,2024-03-03,6,20,98,107,False,,117.3,106.1,0.7142857142857143,,,5.0
4489,2023,2024-03-05,6,2,105,104,True,,116.7,113.55555555555556,0.7241379310344828,,,2.0
4507,2023,2024-03-08,6,18,113,104,True,,117.1,117.83333333333333,0.7333333333333333,,,3.0
4521,2023,2024-03-10,6,3,101,120,False,,113.7,118.55555555555556,0.7096774193548387,,,2.0
4571,2023,2024-03-20,6,16,104,107,False,,112.3,104.7,0.6875,,,10.0
4597,2023,2024-03-25,6,4,115,92,True,,111.0,119.28571428571429,0.696969696969697,,,5.0
4693,2023,2024-04-10,6,15,110,98,True,,108.4,117.0,0.7058823529411765,,,16.0
4705,2023,2024-04-12,6,12,129,120,True,,110.5,118.4,0.7142857142857143,,,2.0
4715,2023,2024-04-14,6,4,110,120,False,,110.6,118.125,0.6944444444444444,,,2.0
4728,2023,2024-04-20,6,22,97,83,True,,108.2,109.8,0.7027027027027027,,,6.0
4733,2023,2024-04-22,6,22,96,86,True,,108.0,108.0,0.7105263157894737,0.6666666666666666,5.666666666666667,2.0
4749,2023,2024-04-30,6,22,104,103,True,,107.9,106.0,0.717948717948718,0.75,6.75,8.0
4757,2023,2024-05-05,6,22,106,94,True,,107.2,103.7,0.725,0.8,5.6,5.0
4768,2023,2024-05-11,6,2,93,106,False,,106.4,111.5,0.7073170731707317,,,6.0
4771,2023,2024-05-13,6,2,102,109,False,,106.2,109.7,0.6904761904761905,,,2.0
4863,2023,2023-11-05,7,4,124,118,True,,121.0,118.77777777777777,,,,4.0
4882,2023,2023-11-08,7,28,116,127,False,,119.75,112.6,,,,3.0
4890,2023,2023-11-10,7,13,144,126,True,,124.6,118.71428571428571,0.8,,,2.0
4936,2023,2023-11-19,7,26,113,129,False,,122.66666666666667,107.14285714285714,0.6666666666666666,,,9.0
4985,2023,2023-11-28,7,11,121,115,True,,122.42857142857143,122.42857142857143,0.7142857142857143,,,9.0
5002,2023,2023-12-01,7,15,94,108,False,,118.875,113.71428571428571,0.625,,,3.0
5009,2023,2023-12-02,7,21,120,126,False,,119.0,121.0,0.5555555555555556,,,1.0
5021,2023,2023-12-06,7,29,147,97,True,,121.8,131.42857142857142,0.6,,,4.0
5046,2023,2023-12-12,7,14,127,125,True,,122.0,118.71428571428571,0.6363636363636364,,,6.0
5057,2023,2023-12-14,7,18,101,119,False,,120.7,115.42857142857143,0.5833333333333334,,,2.0
5095,2023,2023-12-20,7,13,111,120,False,,119.4,117.75,0.5384615384615384,,,6.0
5116,2023,2023-12-23,7,27,144,119,True,,122.2,121.14285714285714,0.5714285714285714,,,3.0
5131,2023,2023-12-27,7,6,110,113,False,,118.8,110.6,0.5333333333333333,,,4.0
4201,2023,2024-01-07,7,18,115,108,True,,119.0,115.375,0.5625,,,11.0
4212,2023,2024-01-09,7,15,103,120,False,,117.2,112.375,0.5294117647058824,,,2.0
4224,2023,2024-01-11,7,20,128,124,True,,120.6,105.6,0.5555555555555556,,,2.0
4284,2023,2024-01-22,7,2,110,119,False,,119.6,108.4,0.5263157894736842,,,11.0
4313,2023,2024-01-27,7,26,115,120,False,,116.4,108.125,0.5,,,5.0
4324,2023,2024-01-29,7,22,131,129,True,,116.8,107.9,0.5238095238095238,,,2.0
4350,2023,2024-02-03,7,17,117,129,False,,118.4,114.7,0.5,,,5.0
4385,2023,2024-02-10,7,21,146,111,True,,121.9,124.125,0.5217391304347826,,,7.0
4400,2023,2024-02-12,7,30,112,104,True,,118.7,118.9,0.5416666666666666,,,2.0
4413,2023,2024-02-14,7,27,116,93,True,,119.3,120.5,0.56,,,2.0
4493,2023,2024-03-05,7,12,120,137,False,,119.8,117.5,0.5384615384615384,,,20.0
4502,2023,2024-03-07,7,16,114,108,True,,120.9,106.0,0.5555555555555556,,,2.0
4539,2023,2024-03-13,7,10,109,99,True,,119.0,118.71428571428571,0.5714285714285714,,,6.0
4556,2023,2024-03-17,7,8,107,105,True,,118.7,109.71428571428571,0.5862068965517241,,,4.0
4580,2023,2024-03-21,7,29,113,97,True,,118.5,129.125,0.6,,,4.0
4657,2023,2024-04-04,7,1,109,95,True,,116.3,119.0,0.6129032258064516,,,14.0
4667,2023,2024-04-05,7,10,108,106,True,,115.4,117.375,0.625,,,1.0
4672,2023,2024-04-07,7,11,147,136,True,,115.5,125.5,0.6363636363636364,,,2.0
4712,2023,2024-04-12,7,9,89,107,False,,113.2,112.4,0.6176470588235294,,,5.0
4741,2023,2024-04-26,7,13,101,90,True,,111.7,115.88888888888889,0.6285714285714286,,,14.0
4745,2023,2024-04-28,7,13,111,116,False,,110.8,115.4,0.6111111111111112,0.6666666666666666,6.666666666666667,2.0
4755,2023,2024-05-03,7,13,114,101,True,,110.8,112.4,0.6216216216216216,0.5,3.75,5.0
4767,2023,2024-05-11,7,21,105,101,True,,110.4,122.0,0.631578947368421,,,8.0
4772,2023,2024-05-13,7,21,96,100,False,,109.3,119.4,0.6153846153846154,0.6666666666666666,11.0,2.0
4779,2023,2024-05-18,7,21,117,116,True,,109.7,117.0,0.625,0.5,7.25,5.0
4787,2023,2024-05-26,7,18,116,107,True,,110.4,115.44444444444444,0.6341463414634146,,,8.0
4789,2023,2024-05-28,7,18,100,105,False,,109.6,113.9,0.6190476190476191,0.6666666666666666,-0.6666666666666666,2.0
4793,2023,2024-06-12,7,2,99,106,False,,104.8,106.9,0.6046511627906976,,,15.0
4794,2023,2024-06-14,7,2,122,84,True,,108.1,108.1,0.6136363636363636,,,2.0
4854,2023,2023-11-03,8,7,125,114,True,,118.0,114.8,,,,4.0
4860,2023,2023-11-04,8,5,123,101,True,,119.25,116.9,,,,1.0
4883,2023,2023-11-08,8,10,108,105,True,,117.0,116.33333333333333,1.0,,,4.0
4911,2023,2023-11-14,8,13,111,108,True,,116.0,113.9,1.0,,,6.0
4976,2023,2023-11-26,8,27,132,120,True,,118.28571428571429,121.77777777777777,1.0,,,12.0
4990,2023,2023-11-29,8,11,134,124,True,,120.25,126.44444444444444,1.0,,,3.0
5032,2023,2023-12-08,8,11,106,114,False,,118.66666666666667,124.4,0.8888888888888888,,,9.0
5058,2023,2023-12-14,8,3,124,101,True,,119.2,116.9,0.9,,,6.0
5071,2023,2023-12-16,8,21,117,118,False,,119.0,115.2,0.8181818181818182,,,2.0
5082,2023,2023-12-18,8,7,130,104,True,,121.0,113.5,0.8333333333333334,,,2.0
5119,2023,2023-12-25,8,10,120,114,True,,120.5,116.7,0.8461538461538461,,,7.0
5135,2023,2023-12-28,8,15,142,105,True,,122.4,115.66666666666667,0.8571428571428571,,,3.0
5143,2023,2023-12-29,8,21,93,119,False,,120.9,112.1,0.8,,,1.0
4168,2023,2024-01-01,8,4,111,93,True,,120.9,118.0,0.8125,,,3.0
4192,2023,2024-01-05,8,22,120,122,False,,119.7,107.5,0.7647058823529411,,,4.0
4202,2023,2024-01-07,8,9,131,114,True,,119.4,112.7,0.7777777777777778,,,2.0
4239,2023,2024-01-14,8,12,117,109,True,,120.5,115.9,0.7894736842105263,,,7.0
4325,2023,2024-01-29,8,17,113,107,True,,119.4,113.8,0.8,,,15.0
4414,2023,2024-02-14,8,26,98,102,False,,117.5,107.0,0.7619047619047619,,,16.0
4424,2023,2024-02-22,8,30,130,110,True,,117.5,118.7,0.7727272727272727,,,8.0
4459,2023,2024-02-28,8,26,117,96,True,,117.2,108.0,0.782608695652174,,,6.0
4466,2023,2024-02-29,8,16,103,97,True,,113.3,104.5,0.7916666666666666,,,1.0
4503,2023,2024-03-07,8,2,115,109,True,,115.5,107.5,0.8,,,7.0
4516,2023,2024-03-09,8,29,142,121,True,,118.6,128.5,0.8076923076923077,,,2.0
4527,2023,2024-03-11,8,28,125,119,True,,119.1,113.4,0.8148148148148148,,,2.0
4581,2023,2024-03-21,8,20,113,100,True,,117.3,106.0,0.8214285714285714,,,10.0
4602,2023,2024-03-25,8,15,128,103,True,,118.4,116.9,0.8275862068965517,,,4.0
4624,2023,2024-03-29,8,18,98,111,False,,116.9,111.0,0.8,,,4.0
4629,2023,2024-03-31,8,6,130,101,True,,120.1,112.0,0.8064516129032258,,,2.0
4646,2023,2024-04-02,8,27,110,105,True,,118.1,120.6,0.8125,,,2.0
4671,2023,2024-04-06,8,1,142,110,True,,120.6,120.8,0.8181818181818182,,,4.0
4699,2023,2024-04-10,8,18,116,107,True,,121.9,109.9,0.8235294117647058,,,4.0
4729,2023,2024-04-20,8,14,114,103,True,,121.8,118.22222222222223,0.8285714285714286,,,10.0
4734,2023,2024-04-22,8,14,101,99,True,,117.7,116.5,0.8333333333333334,,,2.0
4748,2023,2024-04-29,8,14,108,106,True,,116.0,113.5,0.8378378378378378,1.0,8.333333333333334,7.0
4756,2023,2024-05-04,8,18,99,106,False,,114.6,110.4,0.8157894736842105,,,5.0
4759,2023,2024-05-06,8,18,80,106,False,,109.8,106.7,0.7948717948717948,0.3333333333333333,-3.6666666666666665,2.0
4774,2023,2024-05-14,8,18,112,97,True,,111.2,105.0,0.8,0.25,-9.25,8.0
4781,2023,2024-05-19,8,18,90,98,False,,107.2,102.7,0.7804878048780488,0.4,-4.4,5.0
5159,2024,2025-01-01,8,1,139,120,True,,110.1,123.3,0.7857142857142857,,,227.0
4908,2023,2023-11-14,9,1,120,126,False,,115.66666666666667,123.7,,,,8.0
4940,2023,2023-11-20,9,8,103,107,False,,112.5,108.875,,,,6.0
4977,2023,2023-11-27,9,30,107,126,False,,111.4,119.2,0.2,,,7.0
4987,2023,2023-11-29,9,14,107,133,False,,110.66666666666667,113.7,0.16666666666666666,,,2.0
5006,2023,2023-12-02,9,6,101,110,False,,109.28571428571429,110.1,0.14285714285714285,,,3.0
5015,2023,2023-12-06,9,15,102,116,False,,108.375,115.2,0.125,,,4.0
5036,2023,2023-12-11,9,12,123,131,False,,110.0,115.6,0.1111111111111111,,,5.0
5097,2023,2023-12-21,9,29,111,119,False,,110.1,127.2,0.1,,,10.0
5121,2023,2023-12-26,9,3,112,118,False,,109.5,116.8,0.09090909090909091,,,5.0
5146,2023,2023-12-30,9,28,129,127,True,,111.5,114.3,0.16666666666666666,,,4.0
4210,2023,2024-01-09,9,26,110,131,False,,110.5,108.0,0.15384615384615385,,,10.0
4216,2023,2024-01-10,9,27,108,130,False,,111.0,120.5,0.14285714285714285,,,1.0
4226,2023,2024-01-12,9,11,110,112,False,,111.3,123.2,0.13333333333333333,,,2.0
4253,2023,2024-01-17,9,18,117,124,False,,112.3,104.3,0.125,,,5.0
4269,2023,2024-01-20,9,17,135,141,False,,115.7,114.8,0.11764705882352941,,,3.0
4280,2023,2024-01-22,9,17,113,122,False,,116.8,113.9,0.1111111111111111,,,2.0
4289,2023,2024-01-24,9,4,113,106,True,,115.8,116.1,0.15789473684210525,,,2.0
4306,2023,2024-01-27,9,30,104,118,False,,115.1,117.2,0.15,,,3.0
4314,2023,2024-01-28,9,21,120,104,True,,115.9,112.3,0.19047619047619047,,,1.0
4340,2023,2024-02-02,9,13,125,136,False,,115.5,116.4,0.18181818181818182,,,5.0
4352,2023,2024-02-04,9,22,99,111,False,,114.4,108.0,0.17391304347826086,,,2.0
4434,2023,2024-02-24,9,22,109,112,False,,114.5,109.2,0.16666666666666666,,,20.0
4468,2023,2024-03-01,9,6,100,110,False,,113.5,110.7,0.16,,,6.0
4500,2023,2024-03-07,9,3,118,112,True,,113.6,116.5,0.19230769230769232,,,6.0
4514,2023,2024-03-09,9,7,124,142,False,,112.5,112.1,0.18518518518518517,,,2.0
4524,2023,2024-03-11,9,4,114,97,True,,112.6,116.1,0.21428571428571427,,,2.0
4534,2023,2024-03-13,9,28,113,104,True,,112.6,114.1,0.2413793103448276,,,2.0
4544,2023,2024-03-15,9,16,95,108,False,,111.7,102.8,0.23333333333333334,,,2.0
4555,2023,2024-03-17,9,16,101,104,False,,109.8,103.4,0.22580645161290322,,,2.0
4572,2023,2024-03-20,9,12,103,122,False,,107.6,114.4,0.21875,,,3.0
4582,2023,2024-03-22,9,2,102,129,False,,107.9,107.3,0.21212121212121213,,,2.0
4639,2023,2024-04-01,9,15,108,110,False,,107.8,112.9,0.20588235294117646,,,10.0
4700,2023,2024-04-11,9,5,105,127,False,,108.3,114.2,0.2,,,10.0
5154,2024,2025-01-01,9,22,105,96,True,,107.0,107.6,0.2222222222222222,,,265.0
4902,2023,2023-11-12,10,18,110,116,False,,107.33333333333333,103.8,,,,1.0
4912,2023,2023-11-14,10,18,101,104,False,,105.75,102.3,,,,2.0
4920,2023,2023-11-16,10,21,109,128,False,,106.4,112.8,0.2,,,2.0
4932,2023,2023-11-18,10,21,123,130,False,,109.16666666666667,114.6,0.16666666666666666,,,2.0
4945,2023,2023-11-20,10,11,121,116,True,,110.85714285714286,120.8,0.2857142857142857,,,2.0
4966,2023,2023-11-24,10,27,118,112,True,,111.75,120.6,0.375,,,4.0
4999,2023,2023-11-30,10,13,120,114,True,,112.66666666666667,116.6,0.4444444444444444,,,6.0
5070,2023,2023-12-16,10,3,124,120,True,,113.8,115.3,0.5,,,16.0
5087,2023,2023-12-19,10,2,132,126,True,,116.8,109.3,0.5454545454545454,,,3.0
5106,2023,2023-12-22,10,30,129,118,True,,118.7,118.5,0.5833333333333334,,,3.0
5136,2023,2023-12-28,10,16,102,114,False,,117.9,103.1,0.5384615384615384,,,6.0
5149,2023,2023-12-30,10,7,122,132,False,,120.0,113.6,0.5,,,2.0
4173,2023,2024-01-02,10,22,121,115,True,,121.2,108.8,0.5333333333333333,,,3.0
4185,2023,2024-01-04,10,8,127,130,False,,121.6,110.88888888888889,0.5,,,2.0
4193,2023,2024-01-05,10,9,113,109,True,,120.8,112.1,0.5294117647058824,,,1.0
4203,2023,2024-01-07,10,28,118,133,False,,120.8,115.3,0.5,,,2.0
4294,2023,2024-01-24,10,1,134,112,True,,122.2,124.9,0.5263157894736842,,,17.0
4299,2023,2024-01-25,10,26,133,134,False,,123.1,113.7,0.5,,,1.0
4312,2023,2024-01-27,10,14,144,145,False,,124.3,117.7,0.47619047619047616,,,2.0
4416,2023,2024-02-14,10,13,125,130,False,,123.9,118.0,0.45454545454545453,,,18.0
4426,2023,2024-02-22,10,14,128,110,True,,126.5,118.7,0.4782608695652174,,,8.0
4432,2023,2024-02-23,10,4,97,84,True,,124.0,112.7,0.5,,,1.0
4441,2023,2024-02-25,10,8,103,119,False,,122.2,110.1,0.48,,,2.0
4498,2023,2024-03-06,10,17,125,90,True,,122.0,116.5,0.5,,,10.0
4504,2023,2024-03-07,10,5,122,125,False,,122.9,114.6,0.48148148148148145,,,1.0
4515,2023,2024-03-09,10,27,113,126,False,,122.4,119.6,0.4642857142857143,,,2.0
4564,2023,2024-03-18,10,20,112,119,False,,120.2,107.0,0.4482758620689655,,,9.0
4576,2023,2024-03-20,10,15,137,116,True,,120.6,116.4,0.4666666666666667,,,2.0
4586,2023,2024-03-22,10,12,111,123,False,,117.3,115.6,0.45161290322580644,,,2.0
4648,2023,2024-04-02,10,7,104,100,True,,115.2,113.5,0.46875,,,11.0
4680,2023,2024-04-07,10,29,118,110,True,,114.2,126.4,0.48484848484848486,,,5.0
4723,2023,2024-04-14,10,29,123,116,True,,116.8,124.0,0.5,,,7.0
4858,2023,2023-11-04,11,26,107,89,True,,110.0,114.6,,,,3.0
4871,2023,2023-11-06,11,26,122,97,True,,113.0,115.3,,,,2.0
4878,2023,2023-11-08,11,14,128,94,True,,116.0,119.1,0.8,,,2.0
4900,2023,2023-11-12,11,8,107,104,True,,114.5,108.6,0.8333333333333334,,,4.0
4955,2023,2023-11-22,11,15,111,91,True,,114.0,116.0,0.8571428571428571,,,10.0
4963,2023,2023-11-24,11,8,105,86,True,,112.875,109.1,0.875,,,2.0
5020,2023,2023-12-06,11,21,110,101,True,,112.55555555555556,113.6,0.8888888888888888,,,12.0
5040,2023,2023-12-11,11,27,93,82,True,,110.6,116.5,0.9,,,5.0
5051,2023,2023-12-13,11,15,117,104,True,,112.8,115.2,0.9090909090909091,,,2.0
5094,2023,2023-12-20,11,1,127,134,False,,112.7,125.8,0.8333333333333334,,,7.0
5105,2023,2023-12-22,11,7,122,96,True,,114.2,115.1,0.8461538461538461,,,2.0
5124,2023,2023-12-26,11,12,117,123,False,,113.7,116.2,0.7857142857142857,,,4.0
4166,2023,2024-01-01,11,9,136,113,True,,114.5,113.1,0.8,,,6.0
4178,2023,2024-01-03,11,3,112,101,True,,115.0,114.4,0.8125,,,2.0
4191,2023,2024-01-05,11,18,95,122,False,,113.4,101.8,0.7647058823529411,,,2.0
4198,2023,2024-01-06,11,17,112,108,True,,114.1,117.8,0.7777777777777778,,,1.0
4274,2023,2024-01-20,11,29,127,126,True,,115.8,124.5,0.7894736842105263,,,14.0
4279,2023,2024-01-21,11,2,107,116,False,,117.2,108.7,0.75,,,1.0
4320,2023,2024-01-29,11,14,135,119,True,,119.0,121.1,0.7619047619047619,,,8.0
4343,2023,2024-02-02,11,28,135,106,True,,119.8,116.9,0.7727272727272727,,,4.0
4398,2023,2024-02-12,11,20,105,103,True,,118.1,107.2,0.782608695652174,,,10.0
4440,2023,2024-02-25,11,21,110,123,False,,117.4,110.0,0.75,,,13.0
4492,2023,2024-03-05,11,27,114,101,True,,115.2,116.5,0.76,,,9.0
4496,2023,2024-03-06,11,13,116,122,False,,115.6,117.8,0.7307692307692307,,,1.0
4542,2023,2024-03-14,11,30,135,119,True,,119.6,120.3,0.7407407407407407,,,8.0
4548,2023,2024-03-16,11,6,117,103,True,,120.1,110.8,0.75,,,2.0
4578,2023,2024-03-21,11,5,127,117,True,,120.1,114.8,0.7586206896551724,,,5.0
4592,2023,2024-03-23,11,29,147,119,True,,124.1,126.2,0.7666666666666667,,,2.0
4634,2023,2024-03-31,11,7,107,125,False,,121.3,115.1,0.7419354838709677,,,8.0
4658,2023,2024-04-04,11,10,110,133,False,,118.8,110.2,0.71875,,,4.0
4664,2023,2024-04-05,11,16,104,119,False,,118.7,102.1,0.696969696969697,,,1.0
4687,2023,2024-04-09,11,22,118,106,True,,119.5,110.9,0.7058823529411765,,,4.0
5158,2024,2025-01-01,11,7,110,99,True,,119.1,115.7,0.7142857142857143,,,267.0
4849,2023,2023-11-03,12,6,121,116,True,,123.0,113.4,,,,4.0
4855,2023,2023-11-04,12,4,124,125,False,,123.25,114.0,,,,1.0
4865,2023,2023-11-06,12,27,152,111,True,,129.0,120.0,0.6,,,2.0
4875,2023,2023-11-08,12,29,134,118,True,,129.83333333333334,127.2,0.6666666666666666,,,2.0
4884,2023,2023-11-09,12,17,126,124,True,,129.28571428571428,118.4,0.7142857142857143,,,1.0
4934,2023,2023-11-19,12,22,116,128,False,,127.625,112.9,0.625,,,10.0
4954,2023,2023-11-22,12,28,131,132,False,,128.0,118.3,0.5555555555555556,,,3.0
4962,2023,2023-11-24,12,9,136,113,True,,128.8,115.4,0.6,,,2.0
5012,2023,2023-12-04,12,2,122,112,True,,126.7,110.4,0.6363636363636364,,,10.0
5077,2023,2023-12-18,12,13,127,151,False,,128.9,116.1,0.5833333333333334,,,14.0
5089,2023,2023-12-20,12,4,144,113,True,,131.2,118.0,0.6153846153846154,,,2.0
5110,2023,2023-12-23,12,22,110,117,False,,129.8,113.5,0.5714285714285714,,,3.0
5147,2023,2023-12-30,12,20,140,126,True,,128.6,110.4,0.6,,,7.0
4176,2023,2024-01-03,12,17,142,130,True,,129.4,122.9,0.625,,,4.0
4187,2023,2024-01-05,12,1,150,116,True,,131.8,130.7,0.6470588235294118,,,2.0
4196,2023,2024-01-06,12,2,101,118,False,,130.3,111.2,0.6111111111111112,,,1.0
4206,2023,2024-01-08,12,2,133,131,True,,130.5,114.3,0.631578947368421,,,2.0
4217,2023,2024-01-10,12,30,112,104,True,,128.1,122.6,0.65,,,2.0
4286,2023,2024-01-23,12,8,109,114,False,,126.8,108.3,0.6190476190476191,,,13.0
4315,2023,2024-01-28,12,15,116,110,True,,125.7,115.8,0.6363636363636364,,,5.0
4342,2023,2024-02-02,12,26,122,133,False,,123.5,113.9,0.6086956521739131,,,5.0
4363,2023,2024-02-06,12,11,132,129,True,,125.7,123.4,0.625,,,4.0
4374,2023,2024-02-08,12,10,109,131,False,,122.6,111.4,0.6,,,2.0
4420,2023,2024-02-22,12,9,129,115,True,,121.3,118.4,0.6153846153846154,,,14.0
4437,2023,2024-02-25,12,7,133,111,True,,119.6,119.8,0.6296296296296297,,,3.0
4444,2023,2024-02-26,12,28,122,130,False,,121.7,120.1,0.6071428571428571,,,1.0
4501,2023,2024-03-07,12,18,111,113,False,,119.5,103.1,0.5862068965517241,,,10.0
4536,2023,2024-03-13,12,5,129,132,False,,121.2,116.0,0.5666666666666667,,,6.0
4549,2023,2024-03-16,12,3,121,100,True,,122.4,115.5,0.5806451612903226,,,3.0
4561,2023,2024-03-18,12,6,103,108,False,,121.1,111.9,0.5625,,,2.0
4619,2023,2024-03-29,12,14,109,90,True,,119.8,119.3,0.5757575757575758,,,11.0
4640,2023,2024-04-01,12,3,133,111,True,,119.9,118.1,0.5882352941176471,,,3.0
4661,2023,2024-04-05,12,21,126,112,True,,121.6,112.1,0.6,,,4.0
4674,2023,2024-04-07,12,16,117,115,True,,120.4,103.6,0.6111111111111112,,,2.0
4716,2023,2024-04-14,12,1,157,115,True,,122.8,133.3,0.6216216216216216,,,7.0
4740,2023,2024-04-26,12,17,121,118,True,,122.7,123.9,0.631578947368421,,,12.0
4746,2023,2024-04-28,12,17,126,113,True,,124.2,123.0,0.6410256410256411,1.0,5.666666666666667,2.0
4753,2023,2024-05-02,12,17,120,98,True,,123.3,123.3,0.65,1.0,7.5,4.0
4765,2023,2024-05-10,12,20,111,106,True,,122.3,112.3,0.6585365853658537,,,8.0
4769,2023,2024-05-12,12,20,121,89,True,,124.1,113.6,0.6666666666666666,,,2.0
4778,2023,2024-05-17,12,20,116,103,True,,124.8,113.5,0.6744186046511628,1.0,17.0,5.0
4786,2023,2024-05-25,12,2,111,114,False,,122.6,114.4,0.6590909090909091,0.6666666666666666,-1.6666666666666667,8.0
4788,2023,2024-05-27,12,2,102,105,False,,120.2,114.7,0.6444444444444445,0.5,-2.0,2.0
4898,2023,2023-11-12,13,15,101,105,False,,114.0,116.5,,,,12.0
4927,2023,2023-11-17,13,11,106,100,True,,112.0,123.6,,,,5.0
4970,2023,2023-11-25,13,7,107,88,True,,111.0,118.4,0.8,,,8.0
4978,2023,2023-11-27,13,8,104,113,False,,109.83333333333333,109.2,0.6666666666666666,,,2.0
5003,2023,2023-12-02,13,10,113,112,True,,110.28571428571429,109.6,0.7142857142857143,,,5.0
5022,2023,2023-12-06,13,8,111,102,True,,110.375,109.7,0.75,,,4.0
5048,2023,2023-12-12,13,26,119,99,True,,111.33333333333333,114.5,0.7777777777777778,,,6.0
5060,2023,2023-12-14,13,10,121,113,True,,112.3,110.2,0.8,,,2.0
5073,2023,2023-12-16,13,20,144,122,True,,114.4,118.8,0.8181818181818182,,,2.0
5108,2023,2023-12-23,13,2,108,145,False,,113.4,113.3,0.75,,,7.0
5127,2023,2023-12-26,13,4,113,104,True,,114.6,117.8,0.7692307692307693,,,3.0
5144,2023,2023-12-29,13,15,117,106,True,,115.7,117.9,0.7857142857142857,,,3.0
4170,2023,2024-01-01,13,16,121,104,True,,117.1,105.7,0.8,,,3.0
4221,2023,2024-01-10,13,28,126,120,True,,119.3,122.0,0.8125,,,9.0
4252,2023,2024-01-16,13,21,128,117,True,,120.8,115.3,0.8235294117647058,,,6.0
4276,2023,2024-01-21,13,3,125,114,True,,122.2,119.5,0.8333333333333334,,,5.0
4288,2023,2024-01-23,13,14,127,116,True,,123.0,120.1,0.8421052631578947,,,2.0
4386,2023,2024-02-10,13,9,112,106,True,,122.1,117.7,0.85,,,18.0
4402,2023,2024-02-12,13,18,100,121,False,,117.7,101.5,0.8095238095238095,,,2.0
4443,2023,2024-02-25,13,26,107,123,False,,117.6,113.7,0.7727272727272727,,,13.0
4460,2023,2024-02-28,13,14,112,116,False,,117.5,119.9,0.7391304347826086,,,3.0
4473,2023,2024-03-01,13,30,140,115,True,,119.8,122.6,0.75,,,2.0
4512,2023,2024-03-09,13,5,112,102,True,,118.9,116.3,0.76,,,8.0
4517,2023,2024-03-10,13,17,117,124,False,,118.0,123.7,0.7307692307692307,,,1.0
4532,2023,2024-03-12,13,18,100,118,False,,115.2,101.6,0.7037037037037037,,,2.0
4560,2023,2024-03-17,13,1,93,110,False,,112.0,129.8,0.6785714285714286,,,5.0
4604,2023,2024-03-25,13,12,116,133,False,,110.9,117.4,0.6551724137931034,,,8.0
4659,2023,2024-04-04,13,8,102,100,True,,109.9,107.8,0.6666666666666666,,,10.0
4668,2023,2024-04-05,13,29,131,102,True,,113.0,125.6,0.6774193548387096,,,1.0
4673,2023,2024-04-07,13,6,120,118,True,,114.3,114.4,0.6875,,,2.0
4713,2023,2024-04-12,13,29,109,110,False,,114.0,125.2,0.6666666666666666,,,5.0
4724,2023,2024-04-14,13,11,105,116,False,,110.5,121.7,0.6470588235294118,,,2.0
4731,2023,2024-04-21,13,7,109,97,True,,110.2,116.8,0.6571428571428571,,,7.0
4736,2023,2024-04-23,13,7,93,96,False,,107.8,113.1,0.6388888888888888,,,2.0
4752,2023,2024-05-01,13,7,93,123,False,,107.1,110.0,0.6216216216216216,0.6666666666666666,9.333333333333334,8.0
4913,2023,2023-11-14,14,15,134,107,True,,123.33333333333333,117.1,,,,13.0
4918,2023,2023-11-15,14,26,110,125,False,,120.0,114.9,,,,1.0
4938,2023,2023-11-19,14,11,105,104,True,,117.0,118.7,0.8,,,4.0
4948,2023,2023-11-21,14,29,131,99,True,,119.33333333333333,127.3,0.8333333333333334,,,2.0
4958,2023,2023-11-22,14,7,101,104,False,,116.71428571428571,107.9,0.7142857142857143,,,1.0
5011,2023,2023-12-02,14,11,107,97,True,,115.5,117.3,0.75,,,10.0
5034,2023,2023-12-09,14,12,123,109,True,,116.33333333333333,117.2,0.7777777777777778,,,7.0
5085,2023,2023-12-18,14,20,109,114,False,,115.6,119.9,0.7,,,9.0
5120,2023,2023-12-25,14,2,115,126,False,,116.5,113.3,0.6363636363636364,,,7.0
5137,2023,2023-12-28,14,4,133,112,True,,116.8,120.1,0.6666666666666666,,,3.0
4182,2023,2024-01-03,14,16,96,110,False,,113.0,105.7,0.6153846153846154,,,6.0
4194,2023,2024-01-05,14,15,113,127,False,,113.3,115.6,0.5714285714285714,,,2.0
4204,2023,2024-01-07,14,13,106,103,True,,113.4,118.5,0.6,,,2.0
4213,2023,2024-01-09,14,28,132,131,True,,113.5,124.7,0.625,,,2.0
4251,2023,2024-01-15,14,21,112,105,True,,114.6,114.8,0.6470588235294118,,,6.0
4259,2023,2024-01-17,14,7,127,110,True,,116.6,110.2,0.6666666666666666,,,2.0
4268,2023,2024-01-19,14,3,112,130,False,,115.5,120.6,0.631578947368421,,,2.0
4300,2023,2024-01-25,14,5,141,132,True,,118.7,119.6,0.65,,,6.0
4380,2023,2024-02-08,14,8,106,114,False,,117.8,107.7,0.6190476190476191,,,14.0
4406,2023,2024-02-13,14,9,125,111,True,,117.0,120.7,0.6363636363636364,,,5.0
4433,2023,2024-02-23,14,27,123,118,True,,119.7,118.6,0.6521739130434783,,,10.0
4467,2023,2024-02-29,14,30,134,131,True,,121.8,124.6,0.6666666666666666,,,6.0
4476,2023,2024-03-02,14,8,114,124,False,,122.6,108.8,0.64,,,2.0
4487,2023,2024-03-04,14,21,116,104,True,,121.0,114.7,0.6538461538461539,,,2.0
4499,2023,2024-03-06,14,26,120,130,False,,121.8,115.2,0.6296296296296297,,,2.0
4511,2023,2024-03-08,14,17,123,122,True,,121.4,122.5,0.6428571428571429,,,2.0
4523,2023,2024-03-10,14,18,120,109,True,,122.2,105.6,0.6551724137931034,,,2.0
4552,2023,2024-03-16,14,10,121,128,False,,120.2,111.4,0.6333333333333333,,,6.0
4566,2023,2024-03-18,14,1,136,105,True,,123.2,130.7,0.6451612903225806,,,2.0
4596,2023,2024-03-24,14,12,150,145,True,,125.7,120.9,0.65625,,,6.0
4669,2023,2024-04-06,14,6,116,97,True,,125.0,112.8,0.6666666666666666,,,13.0
4681,2023,2024-04-07,14,18,117,127,False,,123.3,106.1,0.6470588235294118,,,1.0
4692,2023,2024-04-09,14,10,120,134,False,,123.9,112.6,0.6285714285714286,,,2.0
4739,2023,2024-04-25,14,8,105,112,False,,122.8,106.6,0.6111111111111112,,,16.0
4744,2023,2024-04-27,14,8,119,108,True,,122.7,108.2,0.6216216216216216,0.0,-8.333333333333334,2.0
4879,2023,2023-11-08,15,16,102,108,False,,105.33333333333333,105.5,,,,9.0
4888,2023,2023-11-10,15,29,121,127,False,,109.25,125.2,,,,2.0
4937,2023,2023-11-19,15,2,100,102,False,,107.4,113.1,0.0,,,9.0
4973,2023,2023-11-26,15,18,97,119,False,,105.66666666666667,106.8,0.0,,,7.0
4989,2023,2023-11-29,15,29,105,91,True,,105.57142857142857,124.6,0.14285714285714285,,,3.0
5029,2023,2023-12-08,15,18,103,127,False,,105.25,105.4,0.125,,,9.0
5041,2023,2023-12-11,15,7,113,120,False,,106.11111111111111,109.6,0.1111111111111111,,,3.0
5065,2023,2023-12-15,15,11,96,103,False,,105.1,112.2,0.1,,,4.0
5099,2023,2023-12-21,15,12,116,103,True,,106.3,119.6,0.18181818181818182,,,6.0
5153,2023,2023-12-31,15,26,92,123,False,,104.5,113.4,0.16666666666666666,,,10.0
4171,2023,2024-01-02,15,27,106,98,True,,104.9,116.0,0.23076923076923078,,,2.0
4179,2023,2024-01-03,15,28,111,116,False,,103.9,124.2,0.21428571428571427,,,1.0
4229,2023,2024-01-12,15,13,119,128,False,,105.8,119.3,0.2,,,9.0
4234,2023,2024-01-13,15,20,94,106,False,,105.5,116.5,0.1875,,,1.0
4246,2023,2024-01-15,15,10,116,107,True,,106.6,113.4,0.23529411764705882,,,2.0
4304,2023,2024-01-26,15,22,107,106,True,,107.0,110.9,0.2777777777777778,,,11.0
4321,2023,2024-01-29,15,26,94,103,False,,105.1,112.6,0.2631578947368421,,,3.0
4339,2023,2024-02-01,15,6,101,108,False,,105.6,111.9,0.25,,,3.0
4344,2023,2024-02-02,15,10,101,121,False,,104.1,111.5,0.23809523809523808,,,1.0
4378,2023,2024-02-08,15,5,110,118,False,,105.9,119.2,0.22727272727272727,,,6.0
4412,2023,2024-02-14,15,11,121,113,True,,107.4,110.9,0.2608695652173913,,,6.0
4417,2023,2024-02-15,15,17,113,110,True,,107.6,122.5,0.2916666666666667,,,1.0
4429,2023,2024-02-23,15,13,95,101,False,,105.2,117.4,0.28,,,8.0
4446,2023,2024-02-26,15,3,86,111,False,,104.4,116.7,0.2692307692307692,,,3.0
4509,2023,2024-03-08,15,1,92,99,False,,102.0,129.0,0.25925925925925924,,,11.0
4528,2023,2024-03-12,15,30,109,97,True,,102.2,124.3,0.2857142857142857,,,4.0
4538,2023,2024-03-13,15,4,98,110,False,,102.6,117.5,0.27586206896551724,,,1.0
4551,2023,2024-03-16,15,21,112,118,False,,103.7,116.6,0.26666666666666666,,,3.0
4613,2023,2024-03-27,15,14,124,136,False,,106.0,122.2,0.25806451612903225,,,11.0
4665,2023,2024-04-05,15,9,108,90,True,,105.8,120.7,0.28125,,,9.0
4688,2023,2024-04-09,15,27,87,102,False,,102.4,113.7,0.2727272727272727,,,4.0
4708,2023,2024-04-12,15,14,120,123,False,,103.1,123.4,0.2647058823529412,,,3.0
4720,2023,2024-04-14,15,8,111,126,False,,104.7,108.5,0.2571428571428571,,,2.0
4851,2023,2023-11-03,16,30,121,114,True,,109.66666666666667,123.4,,,,2.0
4868,2023,2023-11-06,16,14,108,107,True,,109.25,123.5,,,,3.0
4919,2023,2023-11-16,16,3,122,115,True,,111.8,115.8,0.8,,,10.0
4982,2023,2023-11-28,16,17,124,131,False,,113.83333333333333,122.4,0.6666666666666666,,,12.0
4993,2023,2023-11-30,16,12,142,132,True,,117.85714285714286,121.8,0.7142857142857143,,,2.0
5007,2023,2023-12-02,16,12,129,144,False,,119.25,123.0,0.625,,,2.0
5028,2023,2023-12-08,16,6,99,111,False,,117.0,108.8,0.5555555555555556,,,6.0
5049,2023,2023-12-13,16,4,115,104,True,,116.8,117.9,0.6,,,5.0
5056,2023,2023-12-14,16,5,116,124,False,,118.1,118.5,0.5454545454545454,,,1.0
5068,2023,2023-12-16,16,5,118,116,True,,119.4,118.5,0.5833333333333334,,,2.0
5079,2023,2023-12-18,16,18,108,112,False,,118.1,105.2,0.5384615384615384,,,2.0
5104,2023,2023-12-22,16,1,122,113,True,,119.5,127.0,0.5714285714285714,,,4.0
4208,2023,2024-01-08,16,11,120,113,True,,119.3,112.3,0.6,,,17.0
4218,2023,2024-01-10,16,21,120,128,False,,118.9,116.6,0.5625,,,2.0
4227,2023,2024-01-12,16,22,99,96,True,,114.6,110.9,0.5882352941176471,,,2.0
4240,2023,2024-01-14,16,4,104,87,True,,112.1,117.0,0.6111111111111112,,,2.0
4267,2023,2024-01-19,16,1,108,109,False,,113.0,123.9,0.5789473684210527,,,5.0
4291,2023,2024-01-24,16,15,96,105,False,,111.1,115.0,0.55,,,5.0
4297,2023,2024-01-25,16,2,110,143,False,,110.5,110.9,0.5238095238095238,,,1.0
4333,2023,2024-01-31,16,26,115,106,True,,110.2,110.8,0.5454545454545454,,,6.0
4355,2023,2024-02-04,16,13,95,103,False,,108.9,115.8,0.5217391304347826,,,4.0
4365,2023,2024-02-06,16,22,121,95,True,,108.8,112.1,0.5416666666666666,,,2.0
4372,2023,2024-02-07,16,27,116,104,True,,108.4,114.5,0.56,,,1.0
4393,2023,2024-02-11,16,2,106,110,False,,107.0,110.8,0.5384615384615384,,,4.0
4475,2023,2024-03-02,16,29,126,120,True,,109.7,125.4,0.5555555555555556,,,20.0
4490,2023,2024-03-05,16,9,118,110,True,,111.1,121.1,0.5714285714285714,,,3.0
4518,2023,2024-03-10,16,30,108,110,False,,111.1,123.5,0.5517241379310345,,,5.0
4537,2023,2024-03-13,16,8,88,100,False,,110.3,106.4,0.5333333333333333,,,3.0
4593,2023,2024-03-24,16,6,121,84,True,,111.4,110.8,0.5483870967741935,,,11.0
4605,2023,2024-03-26,16,10,92,113,False,,109.1,109.8,0.53125,,,2.0
4644,2023,2024-04-02,16,20,109,99,True,,110.5,116.1,0.5454545454545454,,,7.0
4696,2023,2024-04-10,16,7,92,111,False,,107.6,107.8,0.5294117647058824,,,8.0
4707,2023,2024-04-12,16,28,125,103,True,,108.5,124.2,0.5428571428571428,,,2.0
4717,2023,2024-04-14,16,28,118,103,True,,109.7,123.1,0.5555555555555556,,,2.0
4727,2023,2024-04-19,16,5,112,91,True,,108.3,119.2,0.5675675675675675,,,5.0
4743,2023,2024-04-27,16,2,84,104,False,,104.9,107.0,0.5526315789473685,,,8.0
4747,2023,2024-04-29,16,2,88,102,False,,102.9,105.7,0.5384615384615384,0.0,-19.0,2.0
5160,2024,2025-01-02,16,12,115,128,False,,105.6,122.2,0.525,,,248.0
4850,2023,2023-11-03,17,20,110,105,True,,114.0,115.9,,,,4.0
4880,2023,2023-11-08,17,9,120,118,True,,115.5,120.0,,,,5.0
4905,2023,2023-11-13,17,5,118,109,True,,116.0,118.8,0.8,,,5.0
4930,2023,2023-11-18,17,7,132,125,True,,118.66666666666667,107.7,0.8333333333333334,,,5.0
4964,2023,2023-11-24,17,30,131,128,True,,120.42857142857143,126.2,0.8571428571428571,,,6.0
5008,2023,2023-12-02,17,1,132,121,True,,121.875,122.7,0.875,,,8.0
5013,2023,2023-12-05,17,20,146,122,True,,124.55555555555556,120.0,0.8888888888888888,,,3.0
5023,2023,2023-12-07,17,12,119,128,False,,124.0,123.8,0.8,,,2.0
5042,2023,2023-12-11,17,5,133,129,True,,126.3,119.4,0.8181818181818182,,,4.0
5052,2023,2023-12-13,17,12,140,126,True,,128.1,126.7,0.8333333333333334,,,2.0
5066,2023,2023-12-16,17,9,146,114,True,,131.7,123.3,0.8461538461538461,,,3.0
5075,2023,2023-12-17,17,11,128,119,True,,132.5,114.1,0.8571428571428571,,,1.0
5086,2023,2023-12-19,17,27,132,119,True,,133.9,115.9,0.8666666666666667,,,2.0
5100,2023,2023-12-21,17,22,118,114,True,,132.5,113.4,0.875,,,2.0
4167,2023,2024-01-01,17,12,113,122,False,,130.7,126.3,0.8235294117647058,,,11.0
4209,2023,2024-01-08,17,29,116,132,False,,129.1,124.7,0.7777777777777778,,,7.0
4223,2023,2024-01-11,17,2,135,102,True,,128.0,105.9,0.7894736842105263,,,3.0
4235,2023,2024-01-13,17,10,129,118,True,,129.0,113.2,0.8,,,2.0
4241,2023,2024-01-14,17,26,143,142,True,,130.0,114.4,0.8095238095238095,,,1.0
4292,2023,2024-01-24,17,6,126,116,True,,128.6,113.4,0.8181818181818182,,,10.0
4305,2023,2024-01-26,17,6,100,112,False,,124.0,112.4,0.782608695652174,,,2.0
4379,2023,2024-02-08,17,18,105,129,False,,121.7,105.6,0.75,,,13.0
4383,2023,2024-02-09,17,4,120,84,True,,120.5,117.6,0.76,,,1.0
4399,2023,2024-02-12,17,8,112,95,True,,119.9,107.2,0.7692307692307693,,,3.0
4405,2023,2024-02-13,17,16,97,123,False,,118.3,105.7,0.7407407407407407,,,1.0
4454,2023,2024-02-27,17,4,123,85,True,,119.0,120.2,0.75,,,14.0
4484,2023,2024-03-04,17,13,113,106,True,,116.8,114.6,0.7586206896551724,,,6.0
4579,2023,2024-03-21,17,3,115,108,True,,115.4,115.5,0.7666666666666667,,,17.0
4594,2023,2024-03-24,17,21,118,93,True,,112.9,117.5,0.7741935483870968,,,3.0
4606,2023,2024-03-26,17,14,124,128,False,,112.7,121.5,0.75,,,2.0
4654,2023,2024-04-03,17,15,101,111,False,,112.8,114.3,0.7272727272727273,,,8.0
4666,2023,2024-04-05,17,28,111,117,False,,113.4,122.9,0.7058823529411765,,,2.0
4678,2023,2024-04-07,17,20,109,122,False,,112.3,116.9,0.6857142857142857,,,2.0
4685,2023,2024-04-09,17,2,104,91,True,,111.5,105.2,0.6944444444444444,,,2.0
4697,2023,2024-04-10,17,22,117,99,True,,113.5,113.0,0.7027027027027027,,,1.0
4732,2023,2024-04-21,17,12,109,94,True,,112.1,125.6,0.7105263157894737,0.3333333333333333,-1.3333333333333333,11.0
4735,2023,2024-04-23,17,12,108,125,False,,111.6,124.1,0.6923076923076923,0.5,2.75,2.0
4750,2023,2024-04-30,17,12,115,92,True,,111.6,120.6,0.7,0.4,-1.2,7.0
5162,2024,2025-01-02,17,3,110,113,False,,110.8,114.1,0.6829268292682927,,,247.0
4859,2023,2023-11-04,18,29,123,95,True,,113.0,124.3,,,,3.0
4872,2023,2023-11-06,18,2,114,109,True,,113.25,106.4,,,,2.0
4943,2023,2023-11-20,18,20,117,100,True,,114.0,117.5,1.0,,,14.0
4965,2023,2023-11-24,18,26,111,124,False,,113.5,113.3,0.8333333333333334,,,4.0
4984,2023,2023-11-28,18,21,106,103,True,,112.42857142857143,115.8,0.8571428571428571,,,4.0
4996,2023,2023-11-30,18,29,101,90,True,,111.0,119.7,0.875,,,2.0
5018,2023,2023-12-06,18,27,102,94,True,,110.0,114.8,0.8888888888888888,,,6.0
5069,2023,2023-12-16,18,12,127,109,True,,111.7,121.7,0.9,,,10.0
5102,2023,2023-12-21,18,14,118,111,True,,112.9,120.5,0.9090909090909091,,,5.0
5134,2023,2023-12-28,18,7,118,110,True,,113.7,108.8,0.9166666666666666,,,7.0
5148,2023,2023-12-30,18,14,108,106,True,,112.2,118.5,0.9230769230769231,,,2.0
4242,2023,2024-01-14,18,13,109,105,True,,111.7,113.5,0.9285714285714286,,,15.0
4263,2023,2024-01-18,18,15,118,103,True,,111.8,112.4,0.9333333333333333,,,4.0
4275,2023,2024-01-20,18,21,97,102,False,,110.4,114.5,0.875,,,2.0
4283,2023,2024-01-22,18,4,125,128,False,,112.3,119.9,0.8235294117647058,,,2.0
4334,2023,2024-01-31,18,7,121,87,True,,114.3,110.0,0.8333333333333334,,,9.0
4345,2023,2024-02-02,18,22,106,108,False,,114.7,111.8,0.7894736842105263,,,2.0
4356,2023,2024-02-04,18,11,111,90,True,,113.1,113.1,0.8,,,2.0
4431,2023,2024-02-23,18,17,107,112,False,,112.0,121.9,0.7619047619047619,,,19.0
4436,2023,2024-02-24,18,3,101,86,True,,110.3,113.0,0.7727272727272727,,,1.0
4452,2023,2024-02-27,18,27,114,105,True,,110.9,116.9,0.782608695652174,,,3.0
4457,2023,2024-02-28,18,15,110,101,True,,111.0,112.3,0.7916666666666666,,,1.0
4471,2023,2024-03-01,18,26,120,124,False,,111.2,113.1,0.76,,,2.0
4478,2023,2024-03-03,18,13,88,89,False,,110.3,109.8,0.7307692307692307,,,2.0
4570,2023,2024-03-19,18,8,112,115,False,,109.0,108.1,0.7037037037037037,,,16.0
4584,2023,2024-03-22,18,6,104,91,True,,107.3,111.1,0.7142857142857143,,,3.0
4595,2023,2024-03-24,18,10,114,110,True,,108.1,113.6,0.7241379310344828,,,2.0
4614,2023,2024-03-27,18,9,106,91,True,,107.6,120.3,0.7333333333333333,,,3.0
4635,2023,2024-03-31,18,5,101,109,False,,107.0,119.0,0.7096774193548387,,,4.0
4645,2023,2024-04-02,18,11,113,106,True,,108.2,111.2,0.71875,,,2.0
4655,2023,2024-04-03,18,28,133,85,True,,110.1,124.4,0.7272727272727273,,,1.0
4689,2023,2024-04-09,18,30,130,121,True,,112.1,126.3,0.7352941176470589,,,6.0
4709,2023,2024-04-12,18,1,109,106,True,,111.0,120.9,0.7428571428571429,,,3.0
4766,2023,2024-05-10,18,8,90,117,False,,111.2,106.5,0.7222222222222222,,,28.0
4770,2023,2024-05-12,18,8,107,115,False,,110.7,105.8,0.7027027027027027,0.3333333333333333,-3.0,2.0
4777,2023,2024-05-16,18,8,115,70,True,,111.8,106.8,0.7105263157894737,0.25,-4.25,4.0
4783,2023,2024-05-22,18,7,105,108,False,,110.9,111.2,0.6923076923076923,,,6.0
4785,2023,2024-05-24,18,7,108,109,False,,111.1,112.7,0.675,0.6666666666666666,13.0,2.0
4790,2023,2024-05-30,18,7,103,124,False,,111.3,112.9,0.6585365853658537,0.5,9.5,6.0
5161,2024,2025-01-02,18,2,115,118,False,,111.5,107.1,0.6428571428571429,,,217.0
4869,2023,2023-11-06,20,13,111,97,True,,101.33333333333333,109.3,,,,5.0
4877,2023,2023-11-08,20,27,126,105,True,,107.5,118.1,,,,2.0
4896,2023,2023-11-12,20,4,129,107,True,,111.8,120.4,0.6,,,4.0
4960,2023,2023-11-24,20,16,100,98,True,,109.83333333333333,106.7,0.6666666666666666,,,12.0
4983,2023,2023-11-28,20,4,115,91,True,,110.57142857142857,117.5,0.7142857142857143,,,4.0
4994,2023,2023-11-30,20,9,118,112,True,,111.5,118.5,0.75,,,2.0
5039,2023,2023-12-11,20,28,136,130,True,,114.22222222222223,124.5,0.7777777777777778,,,11.0
5107,2023,2023-12-23,20,17,111,130,False,,113.9,120.4,0.7,,,12.0
5118,2023,2023-12-25,20,17,129,122,True,,116.4,119.1,0.7272727272727273,,,2.0
4164,2023,2024-01-01,20,18,112,106,True,,118.7,107.3,0.75,,,7.0
4180,2023,2024-01-03,20,5,116,100,True,,119.2,117.7,0.7692307692307693,,,2.0
4243,2023,2024-01-15,20,22,94,98,False,,116.0,109.6,0.7142857142857143,,,12.0
4257,2023,2024-01-17,20,11,109,94,True,,114.0,111.5,0.7333333333333333,,,2.0
4260,2023,2024-01-18,20,30,113,109,True,,115.3,124.1,0.75,,,1.0
4272,2023,2024-01-20,20,28,126,100,True,,116.4,124.0,0.7647058823529411,,,2.0
4298,2023,2024-01-25,20,8,122,84,True,,116.8,107.1,0.7777777777777778,,,5.0
4307,2023,2024-01-27,20,16,125,109,True,,115.7,109.0,0.7894736842105263,,,2.0
4328,2023,2024-01-30,20,29,118,103,True,,116.4,118.1,0.8,,,3.0
4338,2023,2024-02-01,20,12,109,105,True,,114.4,118.4,0.8095238095238095,,,2.0
4349,2023,2024-02-03,20,14,105,113,False,,113.7,115.5,0.7727272727272727,,,2.0
4366,2023,2024-02-06,20,15,123,113,True,,114.4,112.9,0.782608695652174,,,3.0
4377,2023,2024-02-08,20,7,108,122,False,,115.8,111.0,0.75,,,2.0
4391,2023,2024-02-10,20,12,111,125,False,,116.0,116.6,0.72,,,2.0
4435,2023,2024-02-24,20,2,102,116,False,,114.9,106.2,0.6923076923076923,,,14.0
4445,2023,2024-02-26,20,9,113,111,True,,113.6,116.9,0.7037037037037037,,,2.0
4464,2023,2024-02-29,20,10,99,110,False,,111.3,112.6,0.6785714285714286,,,3.0
4491,2023,2024-03-05,20,1,100,116,False,,108.8,115.9,0.6551724137931034,,,5.0
4508,2023,2024-03-08,20,22,98,74,True,,106.8,108.4,0.6666666666666666,,,3.0
4587,2023,2024-03-23,20,3,105,93,True,,106.4,111.4,0.6774193548387096,,,15.0
4599,2023,2024-03-25,20,9,124,99,True,,108.3,118.1,0.6875,,,2.0
4633,2023,2024-03-31,20,21,112,113,False,,107.2,114.7,0.6666666666666666,,,6.0
4656,2023,2024-04-04,20,26,120,109,True,,108.4,113.2,0.6764705882352942,,,4.0
4706,2023,2024-04-12,20,3,111,107,True,,108.4,109.2,0.6857142857142857,,,8.0
4718,2023,2024-04-14,20,5,120,119,True,,110.2,118.5,0.6944444444444444,,,2.0
4758,2023,2024-05-06,20,12,121,117,True,,111.0,117.2,0.7027027027027027,,,22.0
4762,2023,2024-05-08,20,12,130,121,True,,114.1,118.3,0.7105263157894737,0.6666666666666666,-2.0,2.0
4773,2023,2024-05-14,20,12,121,91,True,,116.2,116.4,0.717948717948718,0.75,0.75,6.0
4780,2023,2024-05-19,20,12,109,130,False,,117.3,116.0,0.7,0.8,6.6,5.0
5156,2024,2025-01-01,20,29,119,103,True,,118.7,116.9,0.7073170731707317,,,227.0
4853,2023,2023-11-03,21,10,139,141,False,,119.33333333333333,115.2,,,,4.0
4873,2023,2023-11-06,21,1,126,117,True,,121.0,112.8,,,,3.0
4881,2023,2023-11-08,21,6,128,120,True,,122.4,110.4,0.6,,,2.0
4910,2023,2023-11-14,21,27,123,87,True,,122.5,115.2,0.6666666666666666,,,6.0
4956,2023,2023-11-22,21,5,116,102,True,,121.57142857142857,116.0,0.7142857142857143,,,8.0
4997,2023,2023-11-30,21,14,133,110,True,,123.0,117.9,0.75,,,8.0
5030,2023,2023-12-08,21,10,138,136,True,,124.66666666666667,116.9,0.7777777777777778,,,8.0
5043,2023,2023-12-11,21,29,134,120,True,,125.6,119.4,0.8,,,3.0
5081,2023,2023-12-18,21,15,116,97,True,,127.7,112.9,0.8181818181818182,,,7.0
5101,2023,2023-12-21,21,13,134,115,True,,128.7,110.0,0.8333333333333334,,,3.0
5115,2023,2023-12-23,21,14,120,129,False,,126.8,117.2,0.7692307692307693,,,2.0
5125,2023,2023-12-26,21,18,129,106,True,,127.1,109.1,0.7857142857142857,,,3.0
5130,2023,2023-12-27,21,20,129,120,True,,127.2,118.3,0.8,,,1.0
5151,2023,2023-12-31,21,3,124,108,True,,127.3,109.1,0.8125,,,4.0
4172,2023,2024-01-02,21,2,127,123,True,,128.4,107.9,0.8235294117647058,,,2.0
4236,2023,2024-01-13,21,22,112,100,True,,126.3,107.8,0.8333333333333334,,,11.0
4322,2023,2024-01-29,21,18,101,107,False,,122.6,109.2,0.7894736842105263,,,16.0
4336,2023,2024-01-31,21,8,105,100,True,,119.7,105.6,0.8,,,2.0
4346,2023,2024-02-02,21,4,126,106,True,,120.7,118.8,0.8095238095238095,,,2.0
4357,2023,2024-02-04,21,28,135,127,True,,120.8,125.3,0.8181818181818182,,,2.0
4394,2023,2024-02-11,21,26,127,113,True,,121.5,115.2,0.8260869565217391,,,7.0
4423,2023,2024-02-22,21,13,129,107,True,,121.5,109.9,0.8333333333333334,,,11.0
4430,2023,2024-02-23,21,30,147,106,True,,123.3,124.5,0.84,,,1.0
4455,2023,2024-02-27,21,11,112,95,True,,122.1,112.2,0.8461538461538461,,,4.0
4510,2023,2024-03-08,21,16,107,100,True,,120.1,109.3,0.8518518518518519,,,10.0
4522,2023,2024-03-10,21,15,124,93,True,,121.3,115.2,0.8571428571428571,,,2.0
4529,2023,2024-03-12,21,12,111,121,False,,122.3,116.2,0.8275862068965517,,,2.0
4543,2023,2024-03-14,21,7,126,119,True,,124.4,112.6,0.8333333333333334,,,2.0
4575,2023,2024-03-20,21,29,119,107,True,,123.7,118.2,0.8387096774193549,,,6.0
4615,2023,2024-03-27,21,11,126,132,False,,122.8,114.3,0.8125,,,7.0
4690,2023,2024-04-09,21,26,112,105,True,,121.3,115.4,0.8181818181818182,,,13.0
4698,2023,2024-04-10,21,27,127,89,True,,121.1,115.6,0.8235294117647058,,,1.0
4710,2023,2024-04-12,21,17,125,107,True,,118.9,119.5,0.8285714285714286,,,2.0
4721,2023,2024-04-14,21,7,135,86,True,,121.2,114.8,0.8333333333333334,,,2.0
4761,2023,2024-05-07,21,7,117,95,True,,122.2,117.3,0.8378378378378378,,,23.0
4764,2023,2024-05-09,21,7,110,119,False,,120.8,115.1,0.8157894736842105,1.0,26.0,2.0
4776,2023,2024-05-15,21,7,92,104,False,,118.9,112.5,0.7948717948717948,0.75,17.25,6.0
5163,2024,2025-01-02,21,13,116,98,True,,117.9,110.9,0.8,,,232.0
4866,2023,2023-11-06,22,7,102,117,False,,112.66666666666667,110.6,,,,2.0
4885,2023,2023-11-09,22,1,119,120,False,,114.25,115.4,,,,3.0
4892,2023,2023-11-11,22,17,112,97,True,,113.8,118.1,0.6,,,2.0
4946,2023,2023-11-21,22,28,126,107,True,,115.83333333333333,125.3,0.6666666666666666,,,10.0
4950,2023,2023-11-22,22,8,124,119,True,,117.0,109.2,0.7142857142857143,,,1.0
4959,2023,2023-11-24,22,2,113,96,True,,116.5,108.6,0.75,,,2.0
4972,2023,2023-11-26,22,4,130,117,True,,118.0,118.5,0.7777777777777778,,,2.0
4988,2023,2023-11-29,22,30,139,120,True,,120.1,127.2,0.8,,,3.0
5000,2023,2023-12-01,22,30,130,125,True,,121.5,126.2,0.8181818181818182,,,2.0
5025,2023,2023-12-08,22,9,123,91,True,,121.8,119.5,0.8333333333333334,,,7.0
5037,2023,2023-12-11,22,6,104,94,True,,122.0,108.8,0.8461538461538461,,,3.0
5090,2023,2023-12-20,22,16,106,115,False,,120.7,108.2,0.7857142857142857,,,9.0
5138,2023,2023-12-29,22,20,117,108,True,,121.2,118.4,0.8,,,9.0
4200,2023,2024-01-07,22,1,117,110,True,,120.3,113.5,0.8125,,,9.0
4211,2023,2024-01-09,22,18,92,113,False,,117.1,108.4,0.7647058823529411,,,2.0
4277,2023,2024-01-21,22,16,105,87,True,,116.3,106.6,0.7777777777777778,,,12.0
4281,2023,2024-01-22,22,6,99,126,False,,113.2,107.1,0.7368421052631579,,,1.0
4375,2023,2024-02-08,22,27,127,111,True,,112.0,116.0,0.75,,,17.0
4389,2023,2024-02-10,22,5,114,108,True,,110.4,116.4,0.7619047619047619,,,2.0
4404,2023,2024-02-13,22,21,113,127,False,,109.4,113.4,0.7272727272727273,,,3.0
4408,2023,2024-02-14,22,20,118,100,True,,110.8,115.8,0.7391304347826086,,,1.0
4449,2023,2024-02-27,22,3,108,81,True,,111.0,108.7,0.75,,,13.0
4462,2023,2024-02-29,22,29,115,107,True,,110.8,117.6,0.76,,,2.0
4479,2023,2024-03-03,22,9,113,91,True,,110.4,120.5,0.7692307692307693,,,3.0
4519,2023,2024-03-10,22,12,97,111,False,,110.9,115.1,0.7407407407407407,,,7.0
4535,2023,2024-03-13,22,3,114,106,True,,111.8,111.5,0.75,,,3.0
4557,2023,2024-03-17,22,28,111,96,True,,113.0,123.2,0.7586206896551724,,,4.0
4567,2023,2024-03-19,22,4,112,92,True,,111.5,119.9,0.7666666666666667,,,2.0
4588,2023,2024-03-23,22,26,107,109,False,,110.8,114.1,0.7419354838709677,,,4.0
4609,2023,2024-03-27,22,10,93,101,False,,108.8,114.1,0.71875,,,4.0
4620,2023,2024-03-29,22,13,97,100,False,,106.7,108.7,0.696969696969697,,,2.0
4627,2023,2024-03-30,22,15,118,88,True,,107.7,115.3,0.7058823529411765,,,1.0
4676,2023,2024-04-07,22,5,113,98,True,,107.5,116.1,0.7142857142857143,,,8.0
4719,2023,2024-04-14,22,17,113,88,True,,107.5,117.4,0.7222222222222222,,,7.0
4738,2023,2024-04-25,22,6,121,83,True,,109.9,109.1,0.7297297297297297,,,11.0
4742,2023,2024-04-27,22,6,112,89,True,,109.7,110.4,0.7368421052631579,0.6666666666666666,7.0,2.0
4754,2023,2024-05-03,22,6,103,96,True,,108.9,108.6,0.7435897435897436,0.75,11.0,6.0
4891,2023,2023-11-10,26,21,105,98,True,,117.0,111.1,,,,12.0
4906,2023,2023-11-13,26,6,132,120,True,,120.75,109.2,,,,3.0
4986,2023,2023-11-28,26,10,124,123,True,,121.4,114.3,0.8,,,15.0
4991,2023,2023-11-29,26,13,117,131,False,,120.66666666666667,110.9,0.6666666666666666,,,1.0
5010,2023,2023-12-02,26,8,123,117,True,,121.0,110.3,0.7142857142857143,,,3.0
5044,2023,2023-12-11,26,3,131,118,True,,122.25,114.1,0.75,,,9.0
5059,2023,2023-12-14,26,21,128,123,True,,122.88888888888889,112.7,0.7777777777777778,,,3.0
5072,2023,2023-12-16,26,29,125,104,True,,123.1,119.6,0.8,,,2.0
5084,2023,2023-12-18,26,30,143,131,True,,126.0,127.1,0.8181818181818182,,,2.0
5096,2023,2023-12-20,26,2,119,144,False,,124.7,112.1,0.75,,,2.0
5117,2023,2023-12-23,26,18,98,110,False,,124.0,106.2,0.6923076923076923,,,3.0
4174,2023,2024-01-02,26,4,104,111,False,,121.2,118.8,0.6428571428571429,,,10.0
4183,2023,2024-01-03,26,22,138,135,True,,122.6,111.0,0.6666666666666666,,,1.0
4195,2023,2024-01-05,26,28,135,130,True,,124.4,125.6,0.6875,,,2.0
4264,2023,2024-01-18,26,12,121,126,False,,124.2,115.7,0.6470588235294118,,,13.0
4285,2023,2024-01-22,26,1,122,107,True,,123.3,116.5,0.6666666666666666,,,4.0
4373,2023,2024-02-07,26,9,120,133,False,,122.5,120.7,0.631578947368421,,,16.0
4384,2023,2024-02-09,26,8,135,106,True,,123.5,112.8,0.65,,,2.0
4427,2023,2024-02-22,26,27,127,122,True,,121.9,118.1,0.6666666666666666,,,13.0
4447,2023,2024-02-26,26,16,110,121,False,,121.0,108.0,0.6363636363636364,,,4.0
4486,2023,2024-03-04,26,5,109,113,False,,122.1,115.2,0.6086956521739131,,,7.0
4505,2023,2024-03-07,26,27,131,129,True,,124.8,122.5,0.625,,,3.0
4520,2023,2024-03-10,26,11,104,112,False,,121.4,116.0,0.6,,,3.0
4533,2023,2024-03-12,26,17,129,94,True,,120.8,118.6,0.6153846153846154,,,2.0
4540,2023,2024-03-13,26,14,120,107,True,,120.7,118.8,0.6296296296296297,,,1.0
4554,2023,2024-03-16,26,20,91,98,False,,117.6,114.0,0.6071428571428571,,,3.0
4565,2023,2024-03-18,26,15,121,111,True,,117.7,114.0,0.6206896551724138,,,2.0
4607,2023,2024-03-26,26,7,96,132,False,,113.8,109.7,0.6,,,8.0
4626,2023,2024-03-29,26,7,103,107,False,,111.4,109.2,0.5806451612903226,,,3.0
4637,2023,2024-03-31,26,29,127,106,True,,113.1,119.7,0.59375,,,2.0
4649,2023,2024-04-02,26,13,109,95,True,,113.1,112.3,0.6060606060606061,,,2.0
4725,2023,2024-04-16,26,10,118,94,True,,111.8,116.0,0.6176470588235294,,,14.0
4861,2023,2023-11-05,27,28,116,123,False,,120.33333333333333,124.7,,,,9.0
4889,2023,2023-11-10,27,18,110,117,False,,117.75,105.5,,,,5.0
4901,2023,2023-11-12,27,16,113,118,False,,116.8,109.1,0.2,,,2.0
4925,2023,2023-11-17,27,26,120,129,False,,117.33333333333333,116.9,0.16666666666666666,,,5.0
4931,2023,2023-11-18,27,15,108,120,False,,116.0,113.5,0.14285714285714285,,,1.0
4944,2023,2023-11-20,27,13,99,124,False,,113.875,110.9,0.125,,,2.0
4957,2023,2023-11-22,27,13,102,109,False,,112.55555555555556,110.2,0.1111111111111111,,,2.0
4998,2023,2023-11-30,27,1,135,137,False,,114.8,117.8,0.1,,,8.0
5031,2023,2023-12-08,27,5,112,121,False,,114.1,115.2,0.09090909090909091,,,8.0
5053,2023,2023-12-13,27,14,119,122,False,,113.4,119.9,0.08333333333333333,,,5.0
5064,2023,2023-12-15,27,14,129,115,True,,114.7,120.4,0.15384615384615385,,,2.0
5126,2023,2023-12-26,27,29,118,130,False,,115.5,119.9,0.14285714285714285,,,11.0
5152,2023,2023-12-31,27,2,101,134,False,,114.3,113.4,0.13333333333333333,,,5.0
4184,2023,2024-01-04,27,17,121,125,False,,114.4,118.4,0.125,,,4.0
4230,2023,2024-01-12,27,4,135,99,True,,117.1,121.9,0.17647058823529413,,,8.0
4237,2023,2024-01-13,27,5,116,122,False,,118.8,115.0,0.16666666666666666,,,1.0
4293,2023,2024-01-24,27,21,114,140,False,,120.0,112.5,0.15789473684210525,,,11.0
4311,2023,2024-01-27,27,18,113,112,True,,117.8,107.1,0.2,,,3.0
4323,2023,2024-01-29,27,30,113,118,False,,117.9,127.5,0.19047619047619047,,,2.0
4335,2023,2024-01-31,27,22,98,108,False,,115.8,110.1,0.18181818181818182,,,2.0
4351,2023,2024-02-03,27,6,101,117,False,,113.0,109.3,0.17391304347826086,,,3.0
4465,2023,2024-02-29,27,21,132,118,True,,114.4,114.5,0.20833333333333334,,,26.0
4482,2023,2024-03-03,27,12,117,105,True,,116.0,114.7,0.24,,,3.0
4526,2023,2024-03-11,27,10,102,112,False,,114.1,117.0,0.23076923076923078,,,8.0
4530,2023,2024-03-12,27,11,101,103,False,,110.7,114.6,0.2222222222222222,,,1.0
4546,2023,2024-03-15,27,8,106,117,False,,109.7,112.2,0.21428571428571427,,,3.0
4559,2023,2024-03-17,27,3,122,115,True,,110.5,114.1,0.2413793103448276,,,2.0
4569,2023,2024-03-19,27,7,107,113,False,,109.9,110.7,0.23333333333333334,,,2.0
4585,2023,2024-03-22,27,15,97,99,False,,108.3,113.6,0.22580645161290322,,,3.0
4623,2023,2024-03-29,27,20,130,126,True,,111.5,117.6,0.25,,,7.0
4636,2023,2024-03-31,27,10,113,117,False,,112.7,115.4,0.24242424242424243,,,2.0
4711,2023,2024-04-12,27,8,121,120,True,,111.6,115.3,0.2647058823529412,,,12.0
4722,2023,2024-04-14,27,9,123,95,True,,112.2,121.0,0.2857142857142857,,,2.0
4904,2023,2023-11-13,28,30,111,107,True,,112.66666666666667,126.5,,,,12.0
4916,2023,2023-11-15,28,17,112,128,False,,112.5,118.9,,,,2.0
4924,2023,2023-11-17,28,2,105,108,False,,111.0,110.4,0.6,,,2.0
4933,2023,2023-11-19,28,9,142,113,True,,116.16666666666667,120.6,0.6666666666666666,,,2.0
4961,2023,2023-11-24,28,5,121,108,True,,116.85714285714286,113.8,0.7142857142857143,,,5.0
5001,2023,2023-12-01,28,20,106,119,False,,115.5,117.3,0.625,,,7.0
5016,2023,2023-12-06,28,16,103,112,False,,114.11111111111111,107.2,0.5555555555555556,,,5.0
5050,2023,2023-12-13,28,1,135,128,True,,116.2,120.5,0.6,,,7.0
5063,2023,2023-12-15,28,1,104,125,False,,116.9,119.9,0.5454545454545454,,,2.0
5080,2023,2023-12-18,28,4,114,99,True,,115.3,121.3,0.5833333333333334,,,3.0
5092,2023,2023-12-20,28,8,104,113,False,,114.6,115.0,0.5384615384615384,,,2.0
5113,2023,2023-12-23,28,29,119,126,False,,115.3,119.5,0.5,,,3.0
4165,2023,2024-01-01,28,6,124,121,True,,117.2,111.3,0.5333333333333333,,,9.0
4249,2023,2024-01-15,28,2,96,105,False,,112.6,109.6,0.5,,,14.0
4258,2023,2024-01-17,28,16,121,97,True,,112.6,109.6,0.5294117647058824,,,2.0
4261,2023,2024-01-18,28,5,110,116,False,,113.0,114.7,0.5,,,1.0
4282,2023,2024-01-22,28,15,100,108,False,,112.7,113.5,0.47368421052631576,,,4.0
4303,2023,2024-01-26,28,13,107,127,False,,109.9,112.1,0.45,,,4.0
4382,2023,2024-02-09,28,11,107,104,True,,110.2,112.5,0.47619047619047616,,,14.0
4392,2023,2024-02-10,28,6,95,119,False,,108.3,111.9,0.45454545454545453,,,1.0
4397,2023,2024-02-12,28,27,99,122,False,,107.8,120.8,0.43478260869565216,,,2.0
4411,2023,2024-02-14,28,12,125,127,False,,108.4,116.3,0.4166666666666667,,,2.0
4421,2023,2024-02-22,28,3,121,93,True,,108.1,114.7,0.44,,,8.0
4456,2023,2024-02-28,28,7,125,136,False,,111.0,110.6,0.4230769230769231,,,6.0
4470,2023,2024-03-01,28,10,105,120,False,,109.4,114.5,0.4074074074074074,,,2.0
4480,2023,2024-03-03,28,4,111,106,True,,109.5,120.1,0.42857142857142855,,,2.0
4545,2023,2024-03-15,28,22,103,113,False,,109.8,110.5,0.41379310344827586,,,12.0
4574,2023,2024-03-20,28,26,89,123,False,,108.0,116.4,0.4,,,5.0
4583,2023,2024-03-22,28,21,103,123,False,,107.6,112.8,0.3870967741935484,,,2.0
4600,2023,2024-03-25,28,3,88,96,False,,106.9,112.5,0.375,,,3.0
4611,2023,2024-03-27,28,20,101,145,False,,107.1,116.4,0.36363636363636365,,,2.0
4642,2023,2024-04-02,28,14,111,128,False,,105.7,119.7,0.35294117647058826,,,6.0
4677,2023,2024-04-07,28,30,130,122,True,,106.6,128.7,0.37142857142857144,,,5.0
4683,2023,2024-04-09,28,12,123,140,False,,106.4,117.5,0.3611111111111111,,,2.0
5157,2024,2025-01-01,28,3,130,113,True,,108.9,115.4,0.3783783783783784,,,267.0
4845,2023,2023-11-01,29,15,133,109,True,,122.33333333333333,115.0,,,,5.0
4848,2023,2023-11-02,29,22,113,115,False,,120.0,109.7,,,,1.0
5033,2023,2023-12-08,29,13,103,117,False,,116.6,109.9,0.4,,,36.0
5054,2023,2023-12-13,29,20,117,113,True,,116.66666666666667,113.5,0.5,,,5.0
5083,2023,2023-12-18,29,3,125,108,True,,117.85714285714286,117.4,0.5714285714285714,,,5.0
5145,2023,2023-12-30,29,16,117,109,True,,117.75,110.7,0.625,,,12.0
4169,2023,2024-01-01,29,7,127,90,True,,118.77777777777777,109.8,0.6666666666666666,,,2.0
4181,2023,2024-01-03,29,9,154,148,True,,122.3,125.4,0.7,,,2.0
4220,2023,2024-01-10,29,8,124,111,True,,123.3,115.9,0.7272727272727273,,,7.0
4231,2023,2024-01-12,29,28,145,113,True,,125.8,127.4,0.75,,,2.0
4238,2023,2024-01-13,29,14,132,125,True,,125.7,122.1,0.7692307692307693,,,1.0
4250,2023,2024-01-15,29,12,132,105,True,,127.6,118.6,0.7857142857142857,,,2.0
4262,2023,2024-01-18,29,21,129,134,False,,130.2,113.9,0.7333333333333333,,,3.0
4358,2023,2024-02-04,29,17,123,108,True,,130.8,120.5,0.75,,,17.0
4368,2023,2024-02-06,29,21,124,117,True,,130.7,115.7,0.7647058823529411,,,2.0
4401,2023,2024-02-12,29,10,107,129,False,,129.7,115.3,0.7222222222222222,,,6.0
4415,2023,2024-02-14,29,14,122,138,False,,129.2,123.8,0.6842105263157895,,,2.0
4418,2023,2024-02-15,29,10,137,140,False,,127.5,115.1,0.65,,,1.0
4425,2023,2024-02-22,29,4,107,115,False,,125.8,118.3,0.6190476190476191,,,7.0
4442,2023,2024-02-25,29,27,128,109,True,,124.1,120.4,0.6363636363636364,,,3.0
4485,2023,2024-03-04,29,30,127,115,True,,123.6,128.3,0.6521739130434783,,,8.0
4497,2023,2024-03-06,29,5,117,119,False,,122.1,114.8,0.625,,,2.0
4531,2023,2024-03-12,29,2,107,123,False,,119.9,108.9,0.6,,,6.0
4547,2023,2024-03-15,29,1,124,122,True,,120.0,119.1,0.6153846153846154,,,3.0
4553,2023,2024-03-16,29,18,100,119,False,,117.6,105.7,0.5925925925925926,,,1.0
4563,2023,2024-03-18,29,18,104,114,False,,117.3,105.6,0.5714285714285714,,,2.0
4603,2023,2024-03-25,29,7,105,115,False,,115.6,108.6,0.5517241379310345,,,7.0
4616,2023,2024-03-27,29,27,111,118,False,,113.0,121.3,0.5333333333333333,,,2.0
4625,2023,2024-03-29,29,11,100,101,False,,112.3,111.4,0.5161290322580645,,,2.0
4647,2023,2024-04-02,29,6,113,129,False,,110.8,110.4,0.5,,,4.0
4691,2023,2024-04-09,29,8,95,111,False,,107.6,113.2,0.48484848484848486,,,7.0
4702,2023,2024-04-11,29,11,124,121,True,,108.3,112.5,0.5,,,2.0
4886,2023,2023-11-10,30,4,117,124,False,,112.33333333333333,117.1,,,,11.0
4914,2023,2023-11-15,30,7,117,130,False,,113.5,109.3,,,,5.0
4922,2023,2023-11-17,30,20,99,120,False,,110.6,112.5,0.2,,,2.0
4941,2023,2023-11-20,30,17,129,142,False,,113.66666666666667,122.3,0.16666666666666666,,,3.0
4968,2023,2023-11-25,30,1,108,136,False,,112.85714285714286,119.0,0.14285714285714285,,,5.0
5061,2023,2023-12-15,30,12,137,123,True,,115.875,119.3,0.25,,,20.0
5122,2023,2023-12-26,30,22,119,127,False,,116.22222222222223,109.8,0.2222222222222222,,,11.0
5128,2023,2023-12-27,30,28,102,132,False,,114.8,126.5,0.2,,,1.0
5139,2023,2023-12-29,30,3,110,104,True,,114.5,117.3,0.2727272727272727,,,2.0
5150,2023,2023-12-31,30,1,126,130,False,,116.4,121.6,0.25,,,2.0
4197,2023,2024-01-06,30,20,105,121,False,,115.2,111.3,0.23076923076923078,,,6.0
4207,2023,2024-01-08,30,21,128,136,False,,116.3,118.8,0.21428571428571427,,,2.0
4244,2023,2024-01-15,30,9,117,129,False,,118.1,125.3,0.2,,,7.0
4270,2023,2024-01-20,30,27,127,131,False,,117.9,122.6,0.1875,,,5.0
4278,2023,2024-01-21,30,8,104,113,False,,117.5,114.1,0.17647058823529413,,,1.0
4290,2023,2024-01-24,30,18,107,118,False,,114.5,105.1,0.16666666666666666,,,3.0
4295,2023,2024-01-25,30,29,108,123,False,,113.4,120.2,0.15789473684210525,,,1.0
4332,2023,2024-01-31,30,13,109,125,False,,114.1,107.9,0.15,,,6.0
4341,2023,2024-02-02,30,16,102,110,False,,113.3,110.9,0.14285714285714285,,,2.0
4370,2023,2024-02-07,30,6,106,114,False,,111.3,110.6,0.13636363636363635,,,5.0
4438,2023,2024-02-25,30,6,105,114,False,,111.3,111.2,0.13043478260869565,,,18.0
4450,2023,2024-02-27,30,10,112,123,False,,109.7,112.5,0.125,,,2.0
4494,2023,2024-03-06,30,22,109,119,False,,108.9,109.0,0.12,,,8.0
4506,2023,2024-03-08,30,4,112,100,True,,107.4,116.8,0.15384615384615385,,,2.0
4558,2023,2024-03-17,30,2,104,130,False,,107.4,108.1,0.14814814814814814,,,9.0
4568,2023,2024-03-19,30,11,114,137,False,,108.1,113.0,0.14285714285714285,,,2.0
4577,2023,2024-03-21,30,26,109,102,True,,108.2,112.9,0.1724137931034483,,,2.0
4590,2023,2024-03-23,30,28,112,109,True,,108.5,124.4,0.2,,,2.0
4610,2023,2024-03-27,30,3,119,122,False,,110.2,116.8,0.1935483870967742,,,4.0
4621,2023,2024-03-29,30,9,87,96,False,,108.3,122.7,0.1875,,,2.0
4632,2023,2024-03-31,30,16,107,119,False,,108.5,109.1,0.18181818181818182,,,2.0
4643,2023,2024-04-02,30,17,117,113,True,,109.0,121.1,0.20588235294117646,,,2.0
4650,2023,2024-04-03,30,14,120,125,False,,110.1,122.5,0.2,,,1.0
4703,2023,2024-04-12,30,5,127,129,False,,111.6,115.5,0.19444444444444445,,,9.0
5155,2024,2025-01-01,30,5,125,107,True,,113.7,116.4,0.21621621621621623,,,264.0
